DB Item Name,DB Price,Current Xero Code,Matched Xero Code,Xero Name,Xero Price,Xero Account,Xero Status,Match Score,Price Match
"1ltr Flint Glass Food Jar 82mm Twist Neck Finish",0,RAW036,RAW036,"1ltr Flint Glass Food Jar 82mm Twist Neck Finish",0,,Active,1.00,Yes
"325ml Flint Glass Round Food Jar 70mm Deep Twist",0.48,RAW009,RAW009,"325ml Flint Glass Round Food Jar 70mm Deep Twist",0.48,100.003,Active,1.00,Yes
"375ml Flint Glass Food Jar 63mm Twist Neck Finish",0,RAW041,RAW041,"375ml Flint Glass Food Jar 63mm Twist Neck Finish",0,,Active,1.00,Yes
"500g Shallow Twist Black Lid",0.13,RAW013,RAW013,"500g Shallow Twist Black Lid",0.13,100.002,Active,1.00,Yes
"500ml Glass Jar (Medium Size) - 63mm Twist Finish",0.32,RAW012,RAW012,"500ml Glass Jar (Medium Size) - 63mm Twist Finish",0.32,100.001,Active,1.00,Yes
"63MM BLACK METAL RTS PUFF COMPOUND NO BTN CAP",0,RAW042,RAW042,"63MM BLACK METAL RTS PUFF COMPOUND NO BTN CAP",0,,Active,1.00,Yes
"82MM BLACK METAL RTS PUFF COMPOUND NO B (1L / 1KG)",0,RAW037,RAW037,"82MM BLACK METAL RTS PUFF COMPOUND NO B (1L / 1KG)",0,,Active,1.00,Yes
"ABC (Almond, Brazil & Cashew) Butter (250g) Label",0,RAW019,RAW002,"Peanut - Dark Roasted (Australian)",0,,Active,0.80,Yes
"ABC (Almond, Brazil & Cashew) Butter 250g",7.45,111,RAW002,"Peanut - Dark Roasted (Australian)",0,,Active,0.80,No
"Alfie's - ABC Butter (250g)",44.7,AFC023,AFC023,"Alfie's - ABC Butter (250g)",0,44.7,GST Free Income,1.00,No
"Alfie's - Almond - Raw Pouch (250g)",5.66,AFC048,AFC048,"Alfie's - Almond - Raw Pouch (250g)",5.66,123.002,Active,1.00,Yes
"Alfie's - Almond - Roasted Pouch (250g)",5.13,AFC047,AFC047,"Alfie's - Almond - Roasted Pouch (250g)",5.13,123.001,Active,1.00,Yes
"Alfie's - Almond - Smoked Pouch (250g)",7.69,AFC046,AFC046,"Alfie's - Almond - Smoked Pouch (250g)",7.69,123,Active,1.00,Yes
"Alfie's - Almond - Tamari Pouch (250g)",7.69,AFC049,AFC049,"Alfie's - Almond - Tamari Pouch (250g)",7.69,123.003,Active,1.00,Yes
"Alfie's - Almond & Pistachio Butter (250g)",45.3,AFC024,AFC024,"Alfie's - Almond & Pistachio Butter (250g)",45.3,102.133,Active,1.00,Yes
"Alfie's - Almond Butter (250g)",37.8,AFC003,AFC003,"Alfie's - Almond Butter (250g)",37.8,102.01,Active,1.00,Yes
"Alfie's - Almond Butter (500g)",66,AFC035,AFC035,"Alfie's - Almond Butter (500g)",66,102.12,Active,1.00,Yes
"Alfie's - Almond Butter (800g)",90,AFC016,AFC016,"Alfie's - Almond Butter (800g)",90,102.136,Active,1.00,Yes
"Alfie's - Brazil - Raw Pouch (250g)",8.71,AFC050,AFC050,"Alfie's - Brazil - Raw Pouch (250g)",8.71,123.004,Active,1.00,Yes
"Alfie's - Cashew - Cinnamon Pouch (250g)",7.29,AFC086,AFC086,"Alfie's - Cashew - Cinnamon Pouch (250g)",7.29,123.028,Active,1.00,Yes
"Alfie's - Cashew - Honey Pouch (250g)",7.29,AFC085,AFC085,"Alfie's - Cashew - Honey Pouch (250g)",7.29,123.027,Active,1.00,Yes
"Alfie's - Cashew - Raw Pouch (250g)",7.46,AFC052,AFC052,"Alfie's - Cashew - Raw Pouch (250g)",7.46,123.006,Active,1.00,Yes
"Alfie's - Cashew - Salted Pouch (250g)",7.57,AFC083,AFC083,"Alfie's - Cashew - Salted Pouch (250g)",7.57,123.025,Active,1.00,Yes
"Alfie's - Cashew - Thai Sweet Chilli Pouch (250g)",7.49,AFC084,AFC084,"Alfie's - Cashew - Thai Sweet Chilli Pouch (250g)",7.49,123.026,Active,1.00,Yes
"Alfie's - Cashew Butter Jar (250g)",47.7,AFC017,AFC017,"Alfie's - Cashew Butter Jar (250g)",47.7,102.125,Active,1.00,Yes
"Alfie's - Crunchy DR Peanut Butter Jar (500g)",42,AFC025,AFC025,"Alfie's - Crunchy DR Peanut Butter Jar (500g)",42,102.015,Active,1.00,Yes
"Alfie's - Crunchy Peanut Butter (300g)",32.22,AFC002,AFC002,"Alfie's - Crunchy Peanut Butter (300g)",32.22,102.127,Active,1.00,Yes
"Alfie's - Crunchy Peanut Butter (500g)",45.96,AFC033,AFC033,"Alfie's - Crunchy Peanut Butter (500g)",45.96,102.019,Active,1.00,Yes
"Alfie's - Crunchy Peanut Butter Tub (2kg)",25,AFC006,AFC006,"Alfie's - Crunchy Peanut Butter Tub (2kg)",25,102.143,Active,1.00,Yes
"Alfie's - Crunchy Peanut Butter Tub (800g)",67.92,AFC014,AFC014,"Alfie's - Crunchy Peanut Butter Tub (800g)",67.92,102.137,Active,1.00,Yes
"Alfie's - Hazelnut - Roasted Pouch (250g)",8.7,AFC053,AFC053,"Alfie's - Hazelnut - Roasted Pouch (250g)",8.7,123.007,Active,1.00,Yes
"Alfie's - Macadamia - Raw Pouch (250g)",11.55,AFC055,AFC055,"Alfie's - Macadamia - Raw Pouch (250g)",11.55,123.009,Active,1.00,Yes
"Alfie's - Macadamia - Roasted Pouch (250g)",12.19,AFC054,AFC054,"Alfie's - Macadamia - Roasted Pouch (250g)",12.19,123.008,Active,1.00,Yes
"Alfie's - Macadamia - Salted (Australian) 250g",11.78,AFC087,AFC087,"Alfie's - Macadamia - Salted (Australian) 250g",11.78,123.029,Active,1.00,Yes
"Alfie's - Multigrain & Soy Mix Pouch (250g)",6.39,AFC088,AFC088,"Alfie's - Multigrain & Soy Mix Pouch (250g)",6.39,123.03,Active,1.00,Yes
"Alfie's - Organic Almond Butter (250g)",66,AFC004,AFC004,"Alfie's - Organic Almond Butter (250g)",66,102.007,Active,1.00,Yes
"Alfie's - Organic Almond Pouch (250g)",11.04,AFC093,AFC093,"Alfie's - Organic Almond Pouch (250g)",11.04,123.017,Active,1.00,Yes
"Alfie's - Peanut - Roasted Pouch (250g)",4.25,AFC064,AFC064,"Alfie's - Peanut - Roasted Pouch (250g)",4.25,123.018,Active,1.00,Yes
"Alfie's - Peanut - Salted Pouch (250g)",3.95,AFC082,AFC082,"Alfie's - Peanut - Salted Pouch (250g)",3.95,123.024,Active,1.00,Yes
"Alfie's - Pecan - Raw Pouch (250g)",10.1,AFC058,AFC058,"Alfie's - Pecan - Raw Pouch (250g)",10.1,123.011,Active,1.00,Yes
"Alfie's - Pine Nut - Raw Pouch (250g)",16.05,AFC059,AFC059,"Alfie's - Pine Nut - Raw Pouch (250g)",16.05,123.012,Active,1.00,Yes
"Alfie's - Pistachio - Raw Kernels Pouch (250g)",13.25,AFC057,AFC057,"Alfie's - Pistachio - Raw Kernels Pouch (250g)",13.25,123.013,Active,1.00,Yes
"Alfie's - Pistachio - Salted Pouch (250g)",8.09,AFC060,AFC060,"Alfie's - Pistachio - Salted Pouch (250g)",8.09,123.014,Active,1.00,Yes
"Alfie's - Pretzel w Peanut Butter Nuggets (250g)",6.99,AFC089,AFC089,"Alfie's - Pretzel w Peanut Butter Nuggets (250g)",6.99,123.031,Active,1.00,Yes
"Alfie's - Pretzels (250g)",4.09,AFC091,AFC091,"Alfie's - Pretzels (250g)",4.09,123.033,Active,1.00,Yes
"Alfie's - Smooth Dark Roasted Peanut Butter (300g)",30,AFC018,AFC018,"Alfie's - Smooth Dark Roasted Peanut Butter (300g)",30,102.14,Active,1.00,Yes
"Alfie's - Smooth Dark Roasted Peanut Butter (500g)",45.96,AFC034,AFC034,"Alfie's - Smooth Dark Roasted Peanut Butter (500g)",45.96,102.017,Active,1.00,Yes
"Alfie's - Smooth DR Peanut Butter Tub (800g)",67.92,AFC040,AFC040,"Alfie's - Smooth DR Peanut Butter Tub (800g)",67.92,102.006,Active,1.00,Yes
"Alfie's - Smooth Peanut Butter (300g)",32.22,AFC001,AFC001,"Alfie's - Smooth Peanut Butter (300g)",32.22,102.128,Active,1.00,Yes
"Alfie's - Smooth Peanut Butter (500g)",45.96,AFC032,AFC032,"Alfie's - Smooth Peanut Butter (500g)",45.96,102.018,Active,1.00,Yes
"Alfie's - Smooth Peanut Butter Tub (800g)",67.92,AFC012,AFC012,"Alfie's - Smooth Peanut Butter Tub (800g)",67.92,102.139,Active,1.00,Yes
"Alfie's - Soy Crisps - Original - Pouch (250g)",5.48,AFC092,AFC092,"Alfie's - Soy Crisps - Original - Pouch (250g)",5.48,123.034,Active,1.00,Yes
"Alfie's - Sweet Chilli & Lime Crisps Pouch (250g)",5.52,AFC090,AFC090,"Alfie's - Sweet Chilli & Lime Crisps Pouch (250g)",5.52,123.032,Active,1.00,Yes
"Alfie's - Walnut - Raw Pouch (250g)",7.11,AFC061,AFC061,"Alfie's - Walnut - Raw Pouch (250g)",7.11,123.015,Active,1.00,Yes
"Alfie's Cashew - Roasted Pouch (250g)",7.63,AFC051,AFC051,"Alfie's Cashew - Roasted Pouch (250g)",7.63,123.005,Active,1.00,Yes
"Alfie's Crunchy Dark Roasted Peanut Butter (300g)",30,AFC019,AFC019,"Alfie's Crunchy Dark Roasted Peanut Butter (300g)",30,102.126,Active,1.00,Yes
"Alfie's Crunchy DR Peanut Butter Tub (800g)",67.92,AFC021,AFC021,"Alfie's Crunchy DR Peanut Butter Tub (800g)",67.92,102.011,Active,1.00,Yes
"Almond - Dry Roasted (Australian)",14.95,RAW003,RAW003,"Almond - Dry Roasted (Australian)",14.95,112.005,Active,1.00,Yes
"Almond - Organic/Roasted 250g",10.87,,RAW002,"Peanut - Dark Roasted (Australian)",0,,Active,0.80,No
"Almond - Raw (Australian)",19.95,RAW071,RAW071,"Almond - Raw (Australian)",19.95,112.001,Active,1.00,Yes
"Almond - Raw 250g",5.67,,RAW002,"Peanut - Dark Roasted (Australian)",0,,Active,0.80,No
"Almond - Roasted 250g",5.13,,RAW002,"Peanut - Dark Roasted (Australian)",0,,Active,0.80,No
"Almond - Slivered (Australian)",18.95,RAW079,RAW079,"Almond - Slivered (Australian)",18.95,112.004,Active,1.00,Yes
"Almond - Smoked (Australian)",0,RAW046,RAW046,"Almond - Smoked (Australian)",0,,Active,1.00,Yes
"Almond - Smoked 250g",6.58,,RAW002,"Peanut - Dark Roasted (Australian)",0,,Active,0.80,No
"Almond - Tamari (Australian)",21.05,RAW051,RAW051,"Almond - Tamari (Australian)",21.05,112.003,Active,1.00,Yes
"Almond - Tamari 250g",6.58,,RAW002,"Peanut - Dark Roasted (Australian)",0,,Active,0.80,No
"Almond & Pistachio Butter 250g",7.55,,AFC024,"Alfie's - Almond & Pistachio Butter (250g)",45.3,102.133,Active,0.80,No
"Almond Butter (250g) - Label",0,RAW017,RAW017,"Almond Butter (250g) - Label",0,,Active,1.00,Yes
"Almond Butter (500g) - Label",0,RAW130,RAW130,"Almond Butter (500g) - Label",0,,Active,1.00,Yes
"Almond Butter 250g",6.3,,AFC003,"Alfie's - Almond Butter (250g)",37.8,102.01,Active,0.80,No
"Almond Butter 500g",11,,AFC035,"Alfie's - Almond Butter (500g)",66,102.12,Active,0.80,No
"Almond Butter 800g",14.95,,AFC016,"Alfie's - Almond Butter (800g)",90,102.136,Active,0.80,No
"Almond Raw Pouch (250g) - Front Label",0,RAW096,RAW096,"Almond Raw Pouch (250g) - Front Label",0,,Active,1.00,Yes
"Almond Roasted Pouch (250g) - Front Label",0,RAW085,RAW085,"Almond Roasted Pouch (250g) - Front Label",0,,Active,1.00,Yes
"Almond Tamari Pouch (250g) - Front Label",0,RAW083,RAW083,"Almond Tamari Pouch (250g) - Front Label",0,,Active,1.00,Yes
"Ankle Biter | Tomato & Red Chilli 200ml",12,,BUR000,"Burleigh - Ankle Biter | Tomato & Red Chilli",12,109,Active,0.83,Yes
"Annies - Apple & Apricot Fruit Bar (20g)",45,ANN000,ANN000,"Annies - Apple & Apricot Fruit Bar (20g)",45,109.001,Active,1.00,Yes
"Annies - Apple & Boysenberry Fruit Bar (20g)",45,ANN001,ANN001,"Annies - Apple & Boysenberry Fruit Bar (20g)",45,109.009,Active,1.00,Yes
"Annies - Apple & Mango Passion Fruit Bar (20g)",45,ANN002,ANN002,"Annies - Apple & Mango Passion Fruit Bar (20g)",45,109.004,Active,1.00,Yes
"Annies - Apple & Raspberry Fruit Bar (20g)",45,ANN003,ANN003,"Annies - Apple & Raspberry Fruit Bar (20g)",45,109.002,Active,1.00,Yes
"Annies - Apple & Strawberry Fruit Bar (20g)",45,ANN004,ANN004,"Annies - Apple & Strawberry Fruit Bar (20g)",45,109.003,Active,1.00,Yes
"Annies - Berry Fruit Flats (8 Pack)",87,ANN006,ANN006,"Annies - Berry Fruit Flats (8 Pack)",87,109.005,Active,1.00,Yes
"Annies - Collagen Fruit Bar (30g)",58.05,ANN010,ANN010,"Annies - Collagen Fruit Bar (30g)",58.05,109.01,Active,1.00,Yes
"Annies - Fruit Jerky (100g)",87,ANN007,ANN007,"Annies - Fruit Jerky (100g)",87,109.008,Active,1.00,Yes
"Annies - Fruit Strips (90g)",87,ANN008,ANN008,"Annies - Fruit Strips (90g)",87,109.007,Active,1.00,Yes
"Annies - Summer Fruit Flats (8 Pack)",87,ANN005,ANN005,"Annies - Summer Fruit Flats (8 Pack)",87,109.006,Active,1.00,Yes
"Annies - Wiggles - CherrieBerry (12g)",0,ANN011,ANN011,"Annies - Wiggles - CherrieBerry (12g)",0,109.011,Active,1.00,Yes
"Apple & Apricot Bar 20g",1.25,,RAW002,"Peanut - Dark Roasted (Australian)",0,,Active,0.80,No
"Apple & Boysenberry Bar 20g",1.25,,RAW002,"Peanut - Dark Roasted (Australian)",0,,Active,0.80,No
"Apple & Mango Passion Bar 20g",1.25,,RAW002,"Peanut - Dark Roasted (Australian)",0,,Active,0.80,No
"Apple & Raspberry Bar 20g",1.25,,RAW002,"Peanut - Dark Roasted (Australian)",0,,Active,0.80,No
"Apple & Strawberry Bar 20g",1.25,,RAW002,"Peanut - Dark Roasted (Australian)",0,,Active,0.80,No
"Banana Peanut Protein Bar 50g",3,,RAW002,"Peanut - Dark Roasted (Australian)",0,,Active,0.80,No
"Beef Jerky - Chilli 200g",19,,DJ016,"D.Jay's - Beef Jerky - Chilli (200g)",19,105.016,Active,0.80,Yes
"Beef Jerky - Traditional 200g",19,,DJ014,"D.Jay's - Beef Jerky - Traditional (200g)",19,105.014,Active,0.80,Yes
"Beetroot & Plum Chutney 200g",6.81,,CP001,"Crunch - Beetroot & Plum Chutney (200g)",40.85,103.001,Active,0.80,No
"Berry Fruit Flats (8 Pack)",6.21,,ANN006,"Annies - Berry Fruit Flats (8 Pack)",87,109.005,Active,0.80,No
"Beyond - Coconut Water (310ml) x 24 Cans",48.8,BEY000,BEY000,"Beyond - Coconut Water (310ml) x 24 Cans",48.8,126,Active,1.00,Yes
"Biltong Sticks - Chilli 30g",3.85,,DJ003,"D.Jay's - Chilli Biltong Sticks (30g)",3.95,105.003,Active,0.80,No
"Biltong Sticks - Traditional 30g",3.85,,DJ001,"D.Jay's - Traditional Biltong Sticks (30g)",3.95,105.001,Active,0.80,No
"Black Tea w Yuzu 250ml",2.85,,RAW002,"Peanut - Dark Roasted (Australian)",0,,Active,0.80,No
"Brazil - Raw 250g",8.72,,RAW002,"Peanut - Dark Roasted (Australian)",0,,Active,0.80,No
"Brazil Nuts",0,RAW008,RAW008,"Brazil Nuts",0,,Active,1.00,Yes
"Brazil Raw - Front Label (250g)",0,RAW129,RAW129,"Brazil Raw - Front Label (250g)",0,,Active,1.00,Yes
"Burleigh - Ankle Biter | Tomato & Red Chilli",12,BUR000,BUR000,"Burleigh - Ankle Biter | Tomato & Red Chilli",12,109,Active,1.00,Yes
"Burleigh - Cyclone Swell | Carrot & Habanero",12,BUR001,BUR001,"Burleigh - Cyclone Swell | Carrot & Habanero",12,109.0001,Active,1.00,Yes
"Burleigh - Point Break | Kiwi & Jalapeno",12,BUR002,BUR002,"Burleigh - Point Break | Kiwi & Jalapeno",12,109.0002,Active,1.00,Yes
"Burleigh - Purple Haze | Beetroot & Plum",12,BUR004,BUR004,"Burleigh - Purple Haze | Beetroot & Plum",12,109.0004,Active,1.00,Yes
"Burleigh - Reef Break | Smokey Pineapple Habanero",12,BUR005,BUR005,"Burleigh - Reef Break | Smokey Pineapple Habanero",12,109.0005,Active,1.00,Yes
"Burleigh - Twin Fin | Mango, Orange & Cayenne",12,BUR003,BUR003,"""Burleigh - Twin Fin | Mango",0,"Burleigh - Twin Fin | Mango,12,0.80,No
"Butterfingers - Choc Chip Shortbread (175g)",46.69,BUT000,BUT000,"Butterfingers - Choc Chip Shortbread (175g)",46.69,124,Active,1.00,Yes
"Butterfingers - Ginger Shortbread (175g)",50.91,BUT001,BUT001,"Butterfingers - Ginger Shortbread (175g)",50.91,124.0001,Active,1.00,Yes
"Butterfingers - Lemon Myrtle Shortbread (175g)",48.09,BUT004,BUT004,"Butterfingers - Lemon Myrtle Shortbread (175g)",48.09,124.0004,Active,1.00,Yes
"Butterfingers - Macadamia & Choc Chip Shortbread",52.91,BUT005,BUT005,"Butterfingers - Macadamia & Choc Chip Shortbread",52.91,124.0005,Active,1.00,Yes
"Butterfingers - Macadamia Shortbread - GF (175g)",66.36,BUT002,BUT002,"Butterfingers - Macadamia Shortbread - GF (175g)",66.36,124.0002,Active,1.00,Yes
"Butterfingers - Macadamia Shortbread (175g)",51.9,BUT006,BUT006,"Butterfingers - Macadamia Shortbread (175g)",51.9,124.0006,Active,1.00,Yes
"Butterfingers - Macadamia Twin Packs (25g)",96.09,BUT010,BUT010,"Butterfingers - Macadamia Twin Packs (25g)",96.09,124.0008,Active,1.00,Yes
"Butterfingers - Pure Butter Shortbread - GF (175g)",61.22,BUT003,BUT003,"Butterfingers - Pure Butter Shortbread - GF (175g)",61.22,124.0003,Active,1.00,Yes
"Butterfingers - Pure Butter Shortbread (175g)",44.6,BUT007,BUT007,"Butterfingers - Pure Butter Shortbread (175g)",44.6,124.0007,Active,1.00,Yes
"Butterfingers - Pure Butter Twin Packs (25g)",96.09,BUT008,BUT008,"Butterfingers - Pure Butter Twin Packs (25g)",96.09,124.0008,Active,1.00,Yes
"Cacio e Pepe Sauce 375g",14,,RAW002,"Peanut - Dark Roasted (Australian)",0,,Active,0.80,No
"Cap'n Cayenne Hot Sauce 250ml",11.85,,RAW002,"Peanut - Dark Roasted (Australian)",0,,Active,0.80,No
"Caramelised Onion Jam 200g",6.81,,RAW002,"Peanut - Dark Roasted (Australian)",0,,Active,0.80,No
"Cardboard Box (6 units) - 250g/300g",0,RAW034,RAW034,"Cardboard Box (6 units) - 250g/300g",0,,Active,1.00,Yes
"Cardboard Box (6 units) - 500g Jars",0,RAW040,RAW040,"Cardboard Box (6 units) - 500g Jars",0,,Active,1.00,Yes
"Cardboard Box (6 units) - 800g Tub",0,RAW039,RAW039,"Cardboard Box (6 units) - 800g Tub",0,,Active,1.00,Yes
"Casarecce Pasta 500g",6,,RAW002,"Peanut - Dark Roasted (Australian)",0,,Active,0.80,No
"Cashew - Cinnamon Roasted",0,RAW120,RAW120,"Cashew - Cinnamon Roasted",0,,Active,1.00,Yes
"Cashew - Cinnamon Roasted 250g",7.29,,RAW002,"Peanut - Dark Roasted (Australian)",0,,Active,0.80,No
"Cashew - Dry Roasted",14.05,RAW005,RAW005,"Cashew - Dry Roasted",14.05,112.002,Active,1.00,Yes
"Cashew - Honey Roasted",0,RAW119,RAW119,"Cashew - Honey Roasted",0,,Active,1.00,Yes
"Cashew - Honey Roasted 250g",7.12,,RAW002,"Peanut - Dark Roasted (Australian)",0,,Active,0.80,No
"Cashew - Raw",18.95,RAW074,RAW074,"Cashew - Raw",18.95,112.008,Active,1.00,Yes
"Cashew - Raw 250g",6.21,,RAW002,"Peanut - Dark Roasted (Australian)",0,,Active,0.80,No
"Cashew - Roasted 250g",7.99,,RAW002,"Peanut - Dark Roasted (Australian)",0,,Active,0.80,No
"Cashew - Salted",0,RAW117,RAW117,"Cashew - Salted",0,,Active,1.00,Yes
"Cashew - Salted 250g",7.57,,RAW002,"Peanut - Dark Roasted (Australian)",0,,Active,0.80,No
"Cashew - Thai Sweet Chilli",0,RAW118,RAW118,"Cashew - Thai Sweet Chilli",0,,Active,1.00,Yes
"Cashew - Thai Sweet Chilli 250g",7.29,,RAW002,"Peanut - Dark Roasted (Australian)",0,,Active,0.80,No
"Cashew Butter (250g) Label",0,RAW018,RAW018,"Cashew Butter (250g) Label",0,,Active,1.00,Yes
"Cashew Butter 250g",7.95,,AFC017,"Alfie's - Cashew Butter Jar (250g)",47.7,102.125,Active,0.80,No
"Cashew Honey (250g) Pouch - Front Label",0,RAW112,RAW112,"Cashew Honey (250g) Pouch - Front Label",0,,Active,1.00,Yes
"Cashew Multigrain - Front Label (250g)",0,RAW126,RAW126,"Cashew Multigrain - Front Label (250g)",0,,Active,1.00,Yes
"Cashew Raw - Front Label (250g)",0,RAW121,RAW121,"Cashew Raw - Front Label (250g)",0,,Active,1.00,Yes
"Cashew Roasted Pouch (250g) - Front Label",0,RAW087,RAW087,"Cashew Roasted Pouch (250g) - Front Label",0,,Active,1.00,Yes
"Celery Tonic Syrup 500ml",10.02,,RAW002,"Peanut - Dark Roasted (Australian)",0,,Active,0.80,No
"Cherry & Pomegranate Syrup 500ml",10.02,,RAW002,"Peanut - Dark Roasted (Australian)",0,,Active,0.80,No
"Cherry Champion Hot Sauce 250ml",11.85,,RAW002,"Peanut - Dark Roasted (Australian)",0,,Active,0.80,No
"Chilli Achar 200g",6.81,,CP002,"Crunch - Chilli Achar (200g)",40.85,103.012,Active,0.80,No
"Chilli Honey Hot 350ml",10,,RAW002,"Peanut - Dark Roasted (Australian)",0,,Active,0.80,No
"Chilli Jam 200g",6.81,,RAW002,"Peanut - Dark Roasted (Australian)",0,,Active,0.80,No
"Chilli Mango Sauce 250ml",7.08,,CP011,"Crunch - Chilli Mango Sauce (250ml)",42.5,103.003,Active,0.80,No
"Chilli Oil Hot 250ml",12,,RAW002,"Peanut - Dark Roasted (Australian)",0,,Active,0.80,No
"Chilli Oil Mild 250ml",12,,RAW002,"Peanut - Dark Roasted (Australian)",0,,Active,0.80,No
"Chilli Tomato Relish 200g",6.81,,CP003,"Crunch - Chilli Tomato Relish (200g)",40.85,103.018,Active,0.80,No
"Choc Chip Shortbread 175g",4.23,,BUT000,"Butterfingers - Choc Chip Shortbread (175g)",46.69,124,Active,0.80,No
"Cinnamon Cashew (250g) Pouch - Front Label",0,RAW114,RAW114,"Cinnamon Cashew (250g) Pouch - Front Label",0,,Active,1.00,Yes
"CL-124-3487-NT - 124mm Natural LDPE T/E Lid 800ml",0,RAW015,RAW015,"CL-124-3487-NT - 124mm Natural LDPE T/E Lid 800ml",0,,Active,1.00,Yes
"CL-70-2678-BK - 70MM BLACK METAL DEEP TWIST CAP",0,RAW011,RAW011,"CL-70-2678-BK - 70MM BLACK METAL DEEP TWIST CAP",0,,Active,1.00,Yes
"Classic Tonic Syrup 500ml",10.02,,RAW002,"Peanut - Dark Roasted (Australian)",0,,Active,0.80,No
"Coconut Blossom Chai 80g",7.5,,RAW002,"Peanut - Dark Roasted (Australian)",0,,Active,0.80,No
"Coconut Water Bottle 1L",3.75,,RAW002,"Peanut - Dark Roasted (Australian)",0,,Active,0.80,No
"Coconut Water Can 310ml",2.03,,RAW002,"Peanut - Dark Roasted (Australian)",0,,Active,0.80,No
"Cola Six Syrup 500ml",10.02,,RAW002,"Peanut - Dark Roasted (Australian)",0,,Active,0.80,No
"Collagen & Apple Bar 30g",2.9,,RAW002,"Peanut - Dark Roasted (Australian)",0,,Active,0.80,No
"Conchiglie Pasta 500g",6,,RAW002,"Peanut - Dark Roasted (Australian)",0,,Active,0.80,No
"Crafty Weka - Almond Cacao - Bites",24,CWB016,CWB016,"Crafty Weka - Almond Cacao - Bites",24,118.00016,Active,1.00,Yes
"Crafty Weka - Almond Cacao (70g) x 12 Bars",38.4,CWB011,CWB011,"Crafty Weka - Almond Cacao (70g) x 12 Bars",38.4,118.00011,Active,1.00,Yes
"Crafty Weka - Almond Cacao Pouches (150g)",28.78,CWB014,CWB014,"Crafty Weka - Almond Cacao Pouches (150g)",28.78,118.00015,Active,1.00,Yes
"Crafty Weka - Berry Berry (40g) x 12 Bites",24,CWB004,CWB004,"Crafty Weka - Berry Berry (40g) x 12 Bites",24,118.0004,Active,1.00,Yes
"Crafty Weka - Berry Berry (75g) x 12 Bars",38.4,CWB005,CWB005,"Crafty Weka - Berry Berry (75g) x 12 Bars",38.4,118.0005,Active,1.00,Yes
"Crafty Weka - Bite Selection (240g)",45,CWB008,CWB008,"Crafty Weka - Bite Selection (240g)",45,118.0008,Active,1.00,Yes
"Crafty Weka - Cacao & Hemp (40g) x 12 Bites",24,CWB006,CWB006,"Crafty Weka - Cacao & Hemp (40g) x 12 Bites",24,118.0006,Active,1.00,Yes
"Crafty Weka - Cacao & Hemp (75g) x 12 Bars",38.4,CWB007,CWB007,"Crafty Weka - Cacao & Hemp (75g) x 12 Bars",38.4,118.0007,Active,1.00,Yes
"Crafty Weka - Date & Orange (40g) x 12 Bites",24,CWB002,CWB002,"Crafty Weka - Date & Orange (40g) x 12 Bites",24,118.0002,Active,1.00,Yes
"Crafty Weka - Date & Orange (75g) x 12 Bars",38.4,CWB003,CWB003,"Crafty Weka - Date & Orange (75g) x 12 Bars",38.4,118.0003,Active,1.00,Yes
"Crafty Weka - Kids - Berrylicious (150g)",28.78,CWB009,CWB009,"Crafty Weka - Kids - Berrylicious (150g)",28.78,118.0009,Active,1.00,Yes
"Crafty Weka - Kids - Chocolicious (150g)",28.78,CWB010,CWB010,"Crafty Weka - Kids - Chocolicious (150g)",28.78,118.0001,Active,1.00,Yes
"Crafty Weka - Nutty Caramel - Bites",24,CWB015,CWB015,"Crafty Weka - Nutty Caramel - Bites",24,118.00017,Active,1.00,Yes
"Crafty Weka - Nutty Caramel (70g) x 12 Bars",38.4,CWB0012,CWB0012,"Crafty Weka - Nutty Caramel (70g) x 12 Bars",38.4,118.00012,Active,1.00,Yes
"Crafty Weka - Nutty Caramel Pouch (150g)",28.78,CWB013,CWB013,"Crafty Weka - Nutty Caramel Pouch (150g)",28.78,118.00014,Active,1.00,Yes
"Crafty Weka - Original Bites Pouch (240g)",45,CWB012,CWB012,"Crafty Weka - Original Bites Pouch (240g)",45,118.00013,Active,1.00,Yes
"Crafty Weka - The Original (40g) x 12 Bites",24,CWB000,CWB000,"Crafty Weka - The Original (40g) x 12 Bites",24,118,Active,1.00,Yes
"Crafty Weka - The Original (75g) x 12 Bars",38.4,CWB001,CWB001,"Crafty Weka - The Original (75g) x 12 Bars",38.4,118.0001,Active,1.00,Yes
"Crispbread Cinnamon 60g",3.25,,RAW002,"Peanut - Dark Roasted (Australian)",0,,Active,0.80,No
"Crispbread Gluten Free 60g",3.56,,RAW002,"Peanut - Dark Roasted (Australian)",0,,Active,0.80,No
"Crispbread Onion 60g",3.25,,RAW002,"Peanut - Dark Roasted (Australian)",0,,Active,0.80,No
"Crispbread Original 60g",3.25,,RAW002,"Peanut - Dark Roasted (Australian)",0,,Active,0.80,No
"Crispbread Whole Wheat 60g",3.25,,RAW002,"Peanut - Dark Roasted (Australian)",0,,Active,0.80,No
"Crispy Bite - Cracker - Cinnamon (60g)",39,CRISP004,CRISP004,"Crispy Bite - Cracker - Cinnamon (60g)",39,108.0004,Active,1.00,Yes
"Crispy Bite - Cracker - Gluten Free (60g)",42.75,CRISP005,CRISP005,"Crispy Bite - Cracker - Gluten Free (60g)",42.75,108.0005,Active,1.00,Yes
"Crispy Bite - Cracker - Onion (60g)",39,CRISP003,CRISP003,"Crispy Bite - Cracker - Onion (60g)",39,108.0003,Active,1.00,Yes
"Crispy Bite - Cracker - Original (60g)",39,CRISP001,CRISP001,"Crispy Bite - Cracker - Original (60g)",39,108.0001,Active,1.00,Yes
"Crispy Bite - Cracker - Wholemeal (60g)",39,CRISP002,CRISP002,"Crispy Bite - Cracker - Wholemeal (60g)",39,108.0002,Active,1.00,Yes
"Crunch - Beetroot & Plum Chutney (200g)",40.85,CP001,CP001,"Crunch - Beetroot & Plum Chutney (200g)",40.85,103.001,Active,1.00,Yes
"Crunch - Caramelised Onion Jam (250g)",40.85,CP008,CP008,"Crunch - Caramelised Onion Jam (250g)",40.85,103.023,Active,1.00,Yes
"Crunch - Chilli Achar (200g)",40.85,CP002,CP002,"Crunch - Chilli Achar (200g)",40.85,103.012,Active,1.00,Yes
"Crunch - Chilli Jam (240g)",40.85,CP009,CP009,"Crunch - Chilli Jam (240g)",40.85,103.024,Active,1.00,Yes
"Crunch - Chilli Mango Sauce (250ml)",42.5,CP011,CP011,"Crunch - Chilli Mango Sauce (250ml)",42.5,103.003,Active,1.00,Yes
"Crunch - Chilli Tomato Relish (200g)",40.85,CP003,CP003,"Crunch - Chilli Tomato Relish (200g)",40.85,103.018,Active,1.00,Yes
"Crunch - Fig & Szechuan Pepper Jam (230g)",40.85,CP010,CP010,"Crunch - Fig & Szechuan Pepper Jam (230g)",40.85,103.002,Active,1.00,Yes
"Crunch - Hot Chilli Sauce (250ml)",42.5,CP012,CP012,"Crunch - Hot Chilli Sauce (250ml)",42.5,103.004,Active,1.00,Yes
"Crunch - Jalapeno Relish (200g)",40.85,CP004,CP004,"Crunch - Jalapeno Relish (200g)",40.85,103.019,Active,1.00,Yes
"Crunch - Pasta Sauce - Marinara (520g)",46.8,CP026,CP026,"Crunch - Pasta Sauce - Marinara (520g)",46.8,103.026,Active,1.00,Yes
"Crunch - Pasta Sauce - Tomato & Basil",46.8,CP018,CP018,"Crunch - Pasta Sauce - Tomato & Basil",46.8,103.01,Active,1.00,Yes
"Crunch - Pasta Sauce - Tomato & Kalamata (520g)",46.8,CP025,CP025,"Crunch - Pasta Sauce - Tomato & Kalamata (520g)",46.8,103.025,Active,1.00,Yes
"Crunch - Pasta Sauce - Tomato, Chilli & Rosemary",46.8,CP016,CP016,"""Crunch - Pasta Sauce - Tomato",0,"Crunch Preserves - Pasta Sauce - Tomato,46.8,0.80,No
"Crunch - Pasta Sauce - Tomato, Garlic & Red Wine",46.8,CP017,CP016,"""Crunch - Pasta Sauce - Tomato",0,"Crunch Preserves - Pasta Sauce - Tomato,46.8,0.80,No
"Crunch - Piccalilli Relish (200g)",40.85,CP005,CP005,"Crunch - Piccalilli Relish (200g)",40.85,103.02,Active,1.00,Yes
"Crunch - Spicy Tomato Chutney (200g)",40.85,CP006,CP006,"Crunch - Spicy Tomato Chutney (200g)",40.85,103.021,Active,1.00,Yes
"Crunch - Sweet Chilli Sauce (250ml)",42.5,CP013,CP013,"Crunch - Sweet Chilli Sauce (250ml)",42.5,103.005,Active,1.00,Yes
"Crunch - Tomato Relish (200g)",40.85,CP007,CP007,"Crunch - Tomato Relish (200g)",40.85,103.022,Active,1.00,Yes
"Crunch - Tomato Sauce (250ml)",42.5,CP014,CP014,"Crunch - Tomato Sauce (250ml)",42.5,103.006,Active,1.00,Yes
"Crunchy Dark Roasted PB Label (300g)",0,RAW029,RAW029,"Crunchy Dark Roasted PB Label (300g)",0,,Active,1.00,Yes
"Crunchy Dark Roasted PB Label (500g)",0,RAW025,RAW025,"Crunchy Dark Roasted PB Label (500g)",0,,Active,1.00,Yes
"Crunchy Dark Roasted PB Label (800g)",0,RAW033,RAW033,"Crunchy Dark Roasted PB Label (800g)",0,,Active,1.00,Yes
"Crunchy Dark Roasted Peanut Butter 300g",5,,AFC019,"Alfie's Crunchy Dark Roasted Peanut Butter (300g)",30,102.126,Active,0.80,No
"Crunchy Dark Roasted Peanut Butter 500g",7.66,,AFC025,"Alfie's - Crunchy DR Peanut Butter Jar (500g)",42,102.015,Active,0.80,No
"Crunchy Dark Roasted Peanut Butter 800g",11.32,,RNC012,"Naked - Peanut Butter | Crunchy Dark Roasted 800g",0,,Active,0.86,No
"Crunchy Peanut Butter 300g",5.37,,AFC002,"Alfie's - Crunchy Peanut Butter (300g)",32.22,102.127,Active,0.80,No
"Crunchy Peanut Butter 500g",7.66,,AFC033,"Alfie's - Crunchy Peanut Butter (500g)",45.96,102.019,Active,0.80,No
"Crunchy Peanut Butter 800g",11.32,,AFC014,"Alfie's - Crunchy Peanut Butter Tub (800g)",67.92,102.137,Active,0.80,No
"Crunchy Peanut Butter Label (300g)",0,RAW022,RAW022,"Crunchy Peanut Butter Label (300g)",0,,Active,1.00,Yes
"Crunchy Peanut Butter Label (500g)",0,RAW024,RAW024,"Crunchy Peanut Butter Label (500g)",0,,Active,1.00,Yes
"Crunchy Peanut Butter Label (800g)",0,RAW030,RAW030,"Crunchy Peanut Butter Label (800g)",0,,Active,1.00,Yes
"Cubbyhouse Canteen - Double Choc Gingerbread (60g)",37.2,CHC002,CHC002,"Cubbyhouse Canteen - Double Choc Gingerbread (60g)",37.2,115,Active,1.00,Yes
"Cubbyhouse Canteen - Funfetti Gingerbread (60g)",37.2,CHC001,CHC001,"Cubbyhouse Canteen - Funfetti Gingerbread (60g)",37.2,115.0002,Active,1.00,Yes
"Cubbyhouse Canteen - Original Gingerbread (60g)",37.2,CHC000,CHC000,"Cubbyhouse Canteen - Original Gingerbread (60g)",37.2,115.0001,Active,1.00,Yes
"Cyclone Swell | Carrot & Habanero 200ml",12,,BUR001,"Burleigh - Cyclone Swell | Carrot & Habanero",12,109.0001,Active,0.80,Yes
"D.Jay's - Beef Jerky - Chilli (200g)",19,DJ016,DJ016,"D.Jay's - Beef Jerky - Chilli (200g)",19,105.016,Active,1.00,Yes
"D.Jay's - Beef Jerky - Extra Hot Chilli (200g)",19,DJ017,DJ017,"D.Jay's - Beef Jerky - Extra Hot Chilli (200g)",19,105.017,Active,1.00,Yes
"D.Jay's - Beef Jerky - Smokey (200g)",19,DJ015,DJ015,"D.Jay's - Beef Jerky - Smokey (200g)",19,105.015,Active,1.00,Yes
"D.Jay's - Beef Jerky - Traditional (200g)",19,DJ014,DJ014,"D.Jay's - Beef Jerky - Traditional (200g)",19,105.014,Active,1.00,Yes
"D.Jay's - Chilli Biltong Sticks (30g)",3.95,DJ003,DJ003,"D.Jay's - Chilli Biltong Sticks (30g)",3.95,105.003,Active,1.00,Yes
"D.Jay's - Chilli Sliced Biltong (120g)",9,DJ004,DJ004,"D.Jay's - Chilli Sliced Biltong (120g)",9,105.004,Active,1.00,Yes
"D.Jay's - Dry Sausage - Chilli (100g)",7.25,DJ011,DJ011,"D.Jay's - Dry Sausage - Chilli (100g)",7.25,105.011,Active,1.00,Yes
"D.Jay's - Dry Sausage - Traditional (100g)",7.25,DJ010,DJ010,"D.Jay's - Dry Sausage - Traditional (100g)",7.25,105.01,Active,1.00,Yes
"D.Jay's - Mild Pepper Biltong Sticks (30g)",3.95,DJ005,DJ005,"D.Jay's - Mild Pepper Biltong Sticks (30g)",3.95,105.005,Active,1.00,Yes
"D.Jay's - Mild Pepper Sliced Biltong (120g)",9,DJ006,DJ006,"D.Jay's - Mild Pepper Sliced Biltong (120g)",9,105.006,Active,1.00,Yes
"D.Jay's - Snap Sticks - Chilli (50g)",5.75,DJ013,DJ013,"D.Jay's - Snap Sticks - Chilli (50g)",5.75,105.013,Active,1.00,Yes
"D.Jay's - Snap Sticks - Traditional (50g)",5.75,DJ012,DJ012,"D.Jay's - Snap Sticks - Traditional (50g)",5.75,105.012,Active,1.00,Yes
"D.Jay's - Traditional Biltong Sticks (30g)",3.95,DJ001,DJ001,"D.Jay's - Traditional Biltong Sticks (30g)",3.95,105.001,Active,1.00,Yes
"D.Jay's - Traditional Sliced Biltong (120g)",9,DJ002,DJ002,"D.Jay's - Traditional Sliced Biltong (120g)",9,105.002,Active,1.00,Yes
"Dandies - Marshmallows (283g)",90.36,DAN000,DAN000,"Dandies - Marshmallows (283g)",90.36,101.100001,Active,1.00,Yes
"Dandies - Mini Marshmallows (283g)",90.36,DAN001,DAN001,"Dandies - Mini Marshmallows (283g)",90.36,101.100002,Active,1.00,Yes
"Dillicious - About Last Night Bloody Mary Elixir",75.6,DILL007,DILL007,"Dillicious - About Last Night Bloody Mary Elixir",75.6,114.006,Active,1.00,Yes
"Dillicious - Bread & Butter Pickle (10kg)",57.6,DIL007,DIL007,"Dillicious - Bread & Butter Pickle (10kg)",57.6,114.009,Active,1.00,Yes
"Dillicious - Fiesta Del Escabeche Hot Sauce 150ml",75.6,DIL009,DIL009,"Dillicious - Fiesta Del Escabeche Hot Sauce 150ml",75.6,114.008,Active,1.00,Yes
"Dillicious - Garlic Pickle - Chips (675g)",60,DIL004,DIL004,"Dillicious - Garlic Pickle - Chips (675g)",60,114.003,Active,1.00,Yes
"Dillicious - Garlic Pickle - Halves (675g)",60,DIL001,DIL001,"Dillicious - Garlic Pickle - Halves (675g)",60,114,Active,1.00,Yes
"Dillicious - Life of the Party Hot Sauce (150ml)",75.6,DILL008,DILL008,"Dillicious - Life of the Party Hot Sauce (150ml)",75.6,114.007,Active,1.00,Yes
"Dillicious - Spicy Pickle - Chips (675g)",60,DIL006,DIL006,"Dillicious - Spicy Pickle - Chips (675g)",60,114.005,Active,1.00,Yes
"Dillicious - Spicy Pickle - Halves (675g)",60,DIL003,DIL003,"Dillicious - Spicy Pickle - Halves (675g)",60,114.002,Active,1.00,Yes
"Dillicious - Sweet & Spicy Pickle (10kg)",57.6,DILL009,DILL009,"Dillicious - Sweet & Spicy Pickle (10kg)",57.6,114.01,Active,1.00,Yes
"Dillicious - Sweet Pickle - Chips (675g)",60,DIL005,DIL005,"Dillicious - Sweet Pickle - Chips (675g)",60,114.004,Active,1.00,Yes
"Dillicious - Sweet Pickle - Halves (675g)",60,DIL002,DIL002,"Dillicious - Sweet Pickle - Halves (675g)",60,114.001,Active,1.00,Yes
"Double Chocolate Protein Bar 50g",3,,RAW002,"Peanut - Dark Roasted (Australian)",0,,Active,0.80,No
"Drizzle Original Dressing 250ml",10.25,,RAW002,"Peanut - Dark Roasted (Australian)",0,,Active,0.80,No
"Drizzle Original Dressing Large 500ml",15,,DRI000,"Drizzle - Original Dressing (500ml)",13.95,107,Archived,0.80,No
"Dry Nut Roasting Fee",0,RAW007,RAW007,"Dry Nut Roasting Fee",0,,Active,1.00,Yes
"Dry Roasted Organic Australian Almonds",0,RAW004,RAW004,"Dry Roasted Organic Australian Almonds",0,,Active,1.00,Yes
"Dry Sausage - Chilli 100g",7.25,,DJ011,"D.Jay's - Dry Sausage - Chilli (100g)",7.25,105.011,Active,0.80,Yes
"Dry Sausage - Traditional 100g",7.25,,DJ010,"D.Jay's - Dry Sausage - Traditional (100g)",7.25,105.01,Active,0.80,Yes
"Elderflower Syrup 500ml",10.02,,RAW002,"Peanut - Dark Roasted (Australian)",0,,Active,0.80,No
"Elly's - Salted Caramel Bang (200g)",7.53,ELL001,ELL001,"Elly's - Salted Caramel Bang (200g)",7.53,101.001,Active,1.00,Yes
"Elly's - Salted Caramel POP (160g)",6.55,ELL003,ELL003,"Elly's - Salted Caramel POP (160g)",6.55,101.003,Active,1.00,Yes
"Elly's - Smokey Maple POP (160g)",6.55,ELL005,ELL005,"Elly's - Smokey Maple POP (160g)",6.55,101.005,Active,1.00,Yes
"Fig & Szechuan Pepper Jam 200g",6.81,,RAW002,"Peanut - Dark Roasted (Australian)",0,,Active,0.80,No
"Five Grain Porridge 1kg",11.25,,RAW002,"Peanut - Dark Roasted (Australian)",0,,Active,0.80,No
"Flip - Five-Grain Porridge (1kg)",67.5,FLIP004,FLIP004,"Flip - Five-Grain Porridge (1kg)",67.5,121.203,Active,1.00,Yes
"Flip - Fruit & Coconut Muesli (500g)",105,FLIP002,FLIP002,"Flip - Fruit & Coconut Muesli (500g)",105,121.201,Active,1.00,Yes
"Flip - Fruit, Nuts & Seeds Muesli (500g)",120,FLIP001,FLIP003,"Flip - Nuts & Seeds Muesli (500g)",135,121.202,Active,0.83,No
"Flip - Grain Free Natural Muesli (550g)",0,FLIP006,FLIP006,"Flip - Grain Free Natural Muesli (550g)",0,121.205,Active,1.00,Yes
"Flip - Honey Roasted Muesli Crumble (800g)",116.7,FLIP005,FLIP005,"Flip - Honey Roasted Muesli Crumble (800g)",116.7,121.204,Active,1.00,Yes
"Flip - Nuts & Seeds Muesli (500g)",135,FLIP003,FLIP003,"Flip - Nuts & Seeds Muesli (500g)",135,121.202,Active,1.00,Yes
"FodBods - Banana Peanut (50g)",36,FOD002,FOD002,"FodBods - Banana Peanut (50g)",36,126.0002,Active,1.00,Yes
"FodBods - Chocolate Fudge (55g)",39.6,FOD014,FOD014,"FodBods - Chocolate Fudge (55g)",39.6,126.0014,Active,1.00,Yes
"FodBods - Double Chocolate (50g)",36,FOD003,FOD003,"FodBods - Double Chocolate (50g)",36,126.0003,Active,1.00,Yes
"FodBods - Hazelnut Mocha (50g)",36,FOD004,FOD004,"FodBods - Hazelnut Mocha (50g)",36,126.0006,Active,1.00,Yes
"FodBods - Lemon Coconut (50g)",36,FOD001,FOD001,"FodBods - Lemon Coconut (50g)",36,126.0001,Active,1.00,Yes
"FodBods - Mint Chocolate (30g)",27.6,FOD006,FOD006,"FodBods - Mint Chocolate (30g)",27.6,126.0004,Active,1.00,Yes
"FodBods - Peanut Chocolate (50g)",36,FOD000,FOD000,"FodBods - Peanut Chocolate (50g)",36,126,Active,1.00,Yes
"FodBods - Raspberry Coconut (30g)",27.6,FOD005,FOD005,"FodBods - Raspberry Coconut (30g)",27.6,126.0005,Active,1.00,Yes
"FodBods - Salted Caramel (55g)",39.6,FOD015,FOD015,"FodBods - Salted Caramel (55g)",39.6,126.0015,Active,1.00,Yes
"Fox Pops Himalayan Salt 28g",2.65,,FOX000,"Fox Pops - Himalayan Salt (28g)",26.5,121,Archived,1.00,No
"Fox Pops Peanut Butter 28g",2.65,,FOX004,"Fox Pops - Peanut Butter (28g)",26.5,121.00004,Archived,1.00,No
"Fox Pops Salt & Vinegar 28g",2.65,,FOX002,"Fox Pops - Salt & Vinegar (28g)",26.5,121.00002,Archived,1.00,No
"Fox Pops Smoked Chilli 28g",2.65,,FOX001,"Fox Pops - Smoked Chilli (28g)",26.5,121.00001,Archived,1.00,No
"Fox Pops Sour Cream & Onion 28g",2.65,,FOX003,"Fox Pops - Sour Cream & Onion (28g)",26.5,121.00003,Archived,1.00,No
"Fruit Jerky 100g",6.21,,ANN007,"Annies - Fruit Jerky (100g)",87,109.008,Active,0.80,No
"Fruit Strips 90g",6.21,,ANN008,"Annies - Fruit Strips (90g)",87,109.007,Active,0.80,No
"Fusilli Pasta 500g",6,,RAW002,"Peanut - Dark Roasted (Australian)",0,,Active,0.80,No
"Garlic Pickle Chips 675g",9.3,,DIL004,"Dillicious - Garlic Pickle - Chips (675g)",60,114.003,Active,0.80,No
"Garlic Pickle Halves 675g",9.3,,DIL001,"Dillicious - Garlic Pickle - Halves (675g)",60,114,Active,0.80,No
"Ginger Ale Syrup 500ml",10.02,,RAW002,"Peanut - Dark Roasted (Australian)",0,,Active,0.80,No
"Ginger Shortbread 175g",4.62,,BUT001,"Butterfingers - Ginger Shortbread (175g)",50.91,124.0001,Active,0.80,No
"Gingerbread Cookie Double Chocolate 60g",3.1,,RAW002,"Peanut - Dark Roasted (Australian)",0,,Active,0.80,No
"Gingerbread Cookie Funfetti 60g",3.1,,RAW002,"Peanut - Dark Roasted (Australian)",0,,Active,0.80,No
"Gingerbread Cookie Original 60g",3.1,,RAW002,"Peanut - Dark Roasted (Australian)",0,,Active,0.80,No
"Glo Health - Almond Butter (1kg)",17.5,GLO004,GLO004,"Glo Health - Almond Butter (1kg)",17.5,111.103,Active,1.00,Yes
"Glo Health - Almond Butter (250g)",8.25,GLO003,GLO003,"Glo Health - Almond Butter (250g)",8.25,111.102,Active,1.00,Yes
"Glo Health - Smooth Peanut Butter (1kg)",11.5,GLO002,GLO002,"Glo Health - Smooth Peanut Butter (1kg)",11.5,111.101,Active,1.00,Yes
"Glo Health - Smooth Peanut Butter (300g)",4.9,GLO001,GLO001,"Glo Health - Smooth Peanut Butter (300g)",4.9,111.1,Active,1.00,Yes
"Gnocchi Sardi Pasta 500g",6,,ISL012,"Island Pasta - Gnocchi Sardi (500g)",76.8,117.0012,Active,0.80,No
"Goldi - Aceto Balsamic Vinegar (250ml)",54,GOL003,GOL003,"Goldi - Aceto Balsamic Vinegar (250ml)",54,105,Active,1.00,Yes
"Goldi - Smooth EVOO Tin (3L)",178.5,GOL007,GOL007,"Goldi - Smooth EVOO Tin (3L)",178.5,105.0004,Active,1.00,Yes
"Green Tea w Pitaya 250ml",2.85,,RAW002,"Peanut - Dark Roasted (Australian)",0,,Active,0.80,No
"Happy Apple - Almond Butter (1kg)",19,HAP007,HAP007,"Happy Apple - Almond Butter (1kg)",19,111.006,Active,1.00,Yes
"Happy Apple - Cashew Butter (250g)",6.9,HAP009,HAP009,"Happy Apple - Cashew Butter (250g)",6.9,111.008,Active,1.00,Yes
"Happy Apple - Crunchy Peanut Butter (1kg)",13.03,HAP002,HAP002,"Happy Apple - Crunchy Peanut Butter (1kg)",13.03,111.001,Active,1.00,Yes
"Happy Apple - Smooth Peanut Butter (1kg)",13.03,HAP004,HAP004,"Happy Apple - Smooth Peanut Butter (1kg)",13.03,111.003,Active,1.00,Yes
"Happy Apple - Smooth Peanut Butter (375g)",4.75,HAP003,HAP003,"Happy Apple - Smooth Peanut Butter (375g)",4.75,111.002,Active,1.00,Yes
"Hazelnut - Dry Roasted",0,RAW043,RAW043,"Hazelnut - Dry Roasted",0,,Active,1.00,Yes
"Hazelnut - Raw",24.95,RAW078,RAW078,"Hazelnut - Raw",24.95,112.014,Active,1.00,Yes
"Hazelnut - Roasted 250g",8.35,,RAW002,"Peanut - Dark Roasted (Australian)",0,,Active,0.80,No
"Hazelnut Mocha Protein Bar 50g",3,,RAW002,"Peanut - Dark Roasted (Australian)",0,,Active,0.80,No
"Hibiscus Syrup 500ml",10.02,,RAW002,"Peanut - Dark Roasted (Australian)",0,,Active,0.80,No
"Honey-Roasted Muesli Crumble 800g",25,,RAW002,"Peanut - Dark Roasted (Australian)",0,,Active,0.80,No
"Hot Chilli Sauce 250ml",7.08,,CP012,"Crunch - Hot Chilli Sauce (250ml)",42.5,103.004,Active,0.80,No
"IM-270-2050-FL - 270ml Std Flint Glass PGP (RN)",0,RAW010,RAW010,"IM-270-2050-FL - 270ml Std Flint Glass PGP (RN)",0,,Active,1.00,Yes
"Island Pasta - Beetroot Fusilli (500g)",80.04,ISL005,ISL005,"Island Pasta - Beetroot Fusilli (500g)",80.04,117.0005,Active,1.00,Yes
"Island Pasta - Black Pipe Rigate (500g)",80.04,ISL023,ISL023,"Island Pasta - Black Pipe Rigate (500g)",80.04,117.0023,Active,1.00,Yes
"Island Pasta - Cacio e Pepe (375g)",84,ISL017,ISL017,"Island Pasta - Cacio e Pepe (375g)",84,117.0017,Active,1.00,Yes
"Island Pasta - Calamarata No.25 (400g)",76.8,ISL028,ISL028,"Island Pasta - Calamarata No.25 (400g)",76.8,117.02,Active,1.00,Yes
"Island Pasta - Casarecce (500g)",76.8,ISL003,ISL003,"Island Pasta - Casarecce (500g)",76.8,117.0003,Active,1.00,Yes
"Island Pasta - Conchiglie (500g)",76.8,ISL016,ISL016,"Island Pasta - Conchiglie (500g)",76.8,117.0016,Active,1.00,Yes
"Island Pasta - Fusilli (500g)",76.8,ISL011,ISL011,"Island Pasta - Fusilli (500g)",76.8,117.0011,Active,1.00,Yes
"Island Pasta - Fusilloni Rigati No.19 (400g)",76.8,ISL025,ISL025,"Island Pasta - Fusilloni Rigati No.19 (400g)",76.8,117.0025,Active,1.00,Yes
"Island Pasta - Gnocchi Sardi (500g)",76.8,ISL012,ISL012,"Island Pasta - Gnocchi Sardi (500g)",76.8,117.0012,Active,1.00,Yes
"Island Pasta - Mezzi Rigatoni (500g)",76.8,ISL002,ISL002,"Island Pasta - Mezzi Rigatoni (500g)",76.8,117.0002,Active,1.00,Yes
"Island Pasta - Orecchiette (500g)",76.8,ISL014,ISL014,"Island Pasta - Orecchiette (500g)",76.8,117.0014,Active,1.00,Yes
"Island Pasta - Pappardelle (320g)",76.8,ISL000,ISL000,"Island Pasta - Pappardelle (320g)",76.8,117,Active,1.00,Yes
"Island Pasta - Penne Rigate (500g)",76.8,ISL013,ISL013,"Island Pasta - Penne Rigate (500g)",76.8,117.0013,Active,1.00,Yes
"Island Pasta - Puttanesca (500g)",52.5,ISL020,ISL020,"Island Pasta - Puttanesca (500g)",52.5,117.002,Active,1.00,Yes
"Island Pasta - Salsa Bolognese (500g)",84,ISL019,ISL019,"Island Pasta - Salsa Bolognese (500g)",84,117.0019,Active,1.00,Yes
"Island Pasta - Salsa Di Pomodoro (500g)",52.5,ISL018,ISL018,"Island Pasta - Salsa Di Pomodoro (500g)",52.5,117.0018,Active,1.00,Yes
"Island Pasta - Spinach Conchiglie  (500g)",80.04,ISL010,ISL010,"Island Pasta - Spinach Conchiglie  (500g)",80.04,117.001,Active,1.00,Yes
"Island Pasta - Spinach Tagliatelle (320g)",80.04,ISL009,ISL009,"Island Pasta - Spinach Tagliatelle (320g)",80.04,117.0009,Active,1.00,Yes
"Island Pasta - Squid Ink Tagliolini (320g)",80.04,ISL008,ISL008,"Island Pasta - Squid Ink Tagliolini (320g)",80.04,117.0008,Active,1.00,Yes
"Island Pasta - Sugo ai Piselli (500g)",52.5,ISL021,ISL021,"Island Pasta - Sugo ai Piselli (500g)",52.5,117.0021,Active,1.00,Yes
"Island Pasta - Tagliatelle (320g)",76.8,ISL001,ISL001,"Island Pasta - Tagliatelle (320g)",76.8,117.0001,Active,1.00,Yes
"Island Pasta - Tagliolini (320g)",76.8,ISL006,ISL006,"Island Pasta - Tagliolini (320g)",76.8,117.0006,Active,1.00,Yes
"Island Pasta - Torchietti (500g)",76.8,ISL004,ISL004,"Island Pasta - Torchietti (500g)",76.8,117.0004,Active,1.00,Yes
"Island Pasta - Treccioni Rigati (400g)",76.8,ISL026,ISL026,"Island Pasta - Treccioni Rigati (400g)",76.8,117.0026,Active,1.00,Yes
"Island Pasta - Trottole (500g)",76.8,ISL007,ISL007,"Island Pasta - Trottole (500g)",76.8,117.0007,Active,1.00,Yes
"Jalapeno Jitman Hot Sauce 250ml",11.85,,RAW002,"Peanut - Dark Roasted (Australian)",0,,Active,0.80,No
"Jalapeno Relish 200g",6.81,,CP004,"Crunch - Jalapeno Relish (200g)",40.85,103.019,Active,0.80,No
"K9 Katering - Beef Jerky (150g)",85.62,K9019,K9019,"K9 Katering - Beef Jerky (150g)",85.62,106.119,Active,1.00,Yes
"K9 Katering - Beef Liver (150g)",70.02,K9000,K9000,"K9 Katering - Beef Liver (150g)",70.02,106.1,Active,1.00,Yes
"K9 Katering - Beef Paddywack (200g)",85.62,K9007,K9007,"K9 Katering - Beef Paddywack (200g)",85.62,106.107,Active,1.00,Yes
"K9 Katering - Beef Puff Steak (75g)",70.02,K9011,K9011,"K9 Katering - Beef Puff Steak (75g)",70.02,106.111,Active,1.00,Yes
"K9 Katering - Chicken Breast Jerky (150g)",97.33,K9006,K9006,"K9 Katering - Chicken Breast Jerky (150g)",97.325,106.106,Active,1.00,Yes
"K9 Katering - Chicken Magic Meal Topper (100g)",70.02,K9051,K9051,"K9 Katering - Chicken Magic Meal Topper (100g)",70.02,106.151,Active,1.00,Yes
"K9 Katering - Chicken Necks (150g)",70.02,K9001,K9001,"K9 Katering - Chicken Necks (150g)",70.02,106.101,Active,1.00,Yes
"K9 Katering - Chicken Wing Tips (200g)",58.32,K9010,K9010,"K9 Katering - Chicken Wing Tips (200g)",58.32,106.11,Active,1.00,Yes
"K9 Katering - Duck Feet (150g)",58.32,K9008,K9008,"K9 Katering - Duck Feet (150g)",58.32,106.108,Active,1.00,Yes
"K9 Katering - Duck Hearts (200g)",85.62,K9050,K9050,"K9 Katering - Duck Hearts (200g)",85.62,106.121,Active,1.00,Yes
"K9 Katering - Duck Jerky (150g)",97.32,K9025,K9025,"K9 Katering - Duck Jerky (150g)",97.32,106.125,Active,1.00,Yes
"K9 Katering - Emu Jerky (150g)",97.32,K9013,K9013,"K9 Katering - Emu Jerky (150g)",97.32,106.113,Active,1.00,Yes
"K9 Katering - Fish Jerky (125g)",70.02,K9049,K9049,"K9 Katering - Fish Jerky (125g)",70.02,106.149,Active,1.00,Yes
"K9 Katering - Kangaroo Jerky (150g)",85.62,K9003,K9003,"K9 Katering - Kangaroo Jerky (150g)",85.62,106.103,Active,1.00,Yes
"K9 Katering - Kangaroo Tendons (150g)",97.32,K9015,K9015,"K9 Katering - Kangaroo Tendons (150g)",97.32,106.103,Active,1.00,Yes
"K9 Katering - Kelp Seaweed Topper (150g)",58.32,K9046,K9046,"K9 Katering - Kelp Seaweed Topper (150g)",58.32,106.146,Active,1.00,Yes
"K9 Katering - Lamb Liver (150g)",70.02,K9027,K9027,"K9 Katering - Lamb Liver (150g)",70.02,106.127,Active,1.00,Yes
"K9 Katering - Lamb Puff Steak (75g)",70.02,K9028,K9028,"K9 Katering - Lamb Puff Steak (75g)",70.02,106.128,Active,1.00,Yes
"K9 Katering - Lamb Ribs (200g)",58.32,K9004,K9004,"K9 Katering - Lamb Ribs (200g)",58.32,106.104,Active,1.00,Yes
"K9 Katering - Lamb Sprinkle Topper (100g)",58.32,K9047,K9047,"K9 Katering - Lamb Sprinkle Topper (100g)",58.32,106.147,Active,1.00,Yes
"K9 Katering - Lamb Tubes (100g) x 12 Units",116.64,K9029,K9029,"K9 Katering - Lamb Tubes (100g) x 12 Units",116.64,106.129,Active,1.00,Yes
"K9 Katering - Peking Duck Wing (5-pack)",81,K9002,K9002,"K9 Katering - Peking Duck Wing (5-pack)",81,106.102,Active,1.00,Yes
"K9 Katering - Pig Ear Strips (150g)",70.02,K9009,K9009,"K9 Katering - Pig Ear Strips (150g)",70.02,106.109,Active,1.00,Yes
"K9 Katering - Pork Jerky (150g)",171.24,K9031,K9031,"K9 Katering - Pork Jerky (150g)",171.24,106.132,Active,1.00,Yes
"K9 Katering - Shark Cartilage (150g)",77.82,K9005,K9005,"K9 Katering - Shark Cartilage (150g)",77.82,106.105,Active,1.00,Yes
"K9 Katering - The Showbag (150g)",46.62,K9048,K9048,"K9 Katering - The Showbag (150g)",46.62,106.148,Active,1.00,Yes
"K9 Katering - Turkey Jerky (150g)",97.32,K9012,K9012,"K9 Katering - Turkey Jerky (150g)",97.32,106.112,Active,1.00,Yes
"K9 Katering - Turkey Necks (200g)",85.62,K9026,K9026,"K9 Katering - Turkey Necks (200g)",85.62,106.126,Active,1.00,Yes
"K9 Katering - Woof 'N Shake Topper (100g)",58.32,K9018,K9018,"K9 Katering - Woof 'N Shake Topper (100g)",58.32,106.118,Active,1.00,Yes
"KOJA - Bickie Bites - Choc Brownie (150g)",32.4,KOJ005,KOJ005,"KOJA - Bickie Bites - Choc Brownie (150g)",32.4,109.00005,Active,1.00,Yes
"KOJA - Bickie Bites - Choc Chip (150g)",32.4,KOJ011,KOJ011,"KOJA - Bickie Bites - Choc Chip (150g)",32.4,109.00011,Active,1.00,Yes
"KOJA - Bickie Bites - Gingerbread (150g)",32.4,KOJ015,KOJ015,"KOJA - Bickie Bites - Gingerbread (150g)",32.4,109.00015,Active,1.00,Yes
"KOJA - Choc Drizzle Wholegrain Popcorn Bar (22g)",43.2,KOJ017,KOJ017,"KOJA - Choc Drizzle Wholegrain Popcorn Bar (22g)",43.2,109.000017,Active,1.00,Yes
"KOJA - Choc Protein Bar - Choc Berry (45g)",40.64,KOJ010,KOJ010,"KOJA - Choc Protein Bar - Choc Berry (45g)",40.64,109.0001,Active,1.00,Yes
"KOJA - Choc Protein Bar - Double Chocolate (45g)",40.64,KOJ003,KOJ003,"KOJA - Choc Protein Bar - Double Chocolate (45g)",40.64,109.00003,Active,1.00,Yes
"KOJA - Choc Protein Bar - Peanut Fudge (45g)",40.64,KOJ004,KOJ004,"KOJA - Choc Protein Bar - Peanut Fudge (45g)",40.64,109.00004,Active,1.00,Yes
"KOJA - Oat Bar - Cinnamon & Raisin (60g)",26.64,KOJ009,KOJ009,"KOJA - Oat Bar - Cinnamon & Raisin (60g)",26.64,109.00009,Active,1.00,Yes
"KOJA - Oat Bar - Dark Choc Chip (60g)",26.64,KOJ000,KOJ000,"KOJA - Oat Bar - Dark Choc Chip (60g)",26.64,109,Active,1.00,Yes
"KOJA - Oat Bar - Lemon & Coconut (60g)",26.64,KOJ008,KOJ008,"KOJA - Oat Bar - Lemon & Coconut (60g)",26.64,109.00008,Active,1.00,Yes
"KOJA - Oat Bar - Maple (60g)",26.64,KOJ001,KOJ001,"KOJA - Oat Bar - Maple (60g)",26.64,109.00001,Active,1.00,Yes
"KOJA - Oat Bar - White Choc & Macadamia (60g)",26.64,KOJ002,KOJ002,"KOJA - Oat Bar - White Choc & Macadamia (60g)",26.64,109.00002,Active,1.00,Yes
"KOJA - Oat Bites - Choc Chip (150g)",32.4,KOJ006,KOJ006,"KOJA - Oat Bites - Choc Chip (150g)",32.4,109.00006,Active,1.00,Yes
"KOJA - Oat Bites - Muesli Slice (150g)",32.4,KOJ007,KOJ007,"KOJA - Oat Bites - Muesli Slice (150g)",32.4,109.00007,Active,1.00,Yes
"KOJA - Oat Bites - Raspberry Choc Chip (150g)",32.4,KOJ014,KOJ014,"KOJA - Oat Bites - Raspberry Choc Chip (150g)",32.4,109.00014,Active,1.00,Yes
"KOJA - Peanut Butter Bar - Peanut Chocolate (30g)",35.52,KOJ013,KOJ013,"KOJA - Peanut Butter Bar - Peanut Chocolate (30g)",35.52,109.00013,Active,1.00,Yes
"KOJA - Peanut Butter Bar - Peanut Crunch (30g)",35.52,KOJ012,KOJ012,"KOJA - Peanut Butter Bar - Peanut Crunch (30g)",35.52,109.00012,Active,1.00,Yes
"KOJA - Salted Caramel Wholegrain Popcorn (22g)",43.2,KOJ016,KOJ016,"KOJA - Salted Caramel Wholegrain Popcorn (22g)",43.2,109.000016,Active,1.00,Yes
"KOJA Cacao Oat Bar 60g",2.22,,KOJ001,"KOJA - Oat Bar - Maple (60g)",26.64,109.00001,Active,0.80,No
"KOJA Choc Berry Protein Bar 45g",2.54,,KOJ010,"KOJA - Choc Protein Bar - Choc Berry (45g)",40.64,109.0001,Active,0.86,No
"KOJA Cinnamon & Raisin Oat Bar 60g",2.22,,KOJ009,"KOJA - Oat Bar - Cinnamon & Raisin (60g)",26.64,109.00009,Active,1.00,No
"KOJA Dark Choc Chip Oat Bar 60g",2.22,,KOJ000,"KOJA - Oat Bar - Dark Choc Chip (60g)",26.64,109,Active,1.00,No
"KOJA Double Chocolate Protein Bar 45g",2.54,,KOJ003,"KOJA - Choc Protein Bar - Double Chocolate (45g)",40.64,109.00003,Active,0.86,No
"KOJA Lemon & Coconut Oat Bar 60g",2.22,,KOJ008,"KOJA - Oat Bar - Lemon & Coconut (60g)",26.64,109.00008,Active,1.00,No
"KOJA Maple Oat Bar 60g",2.22,,KOJ001,"KOJA - Oat Bar - Maple (60g)",26.64,109.00001,Active,1.00,No
"KOJA Peanut Fudge Protein Bar 45g",2.54,,KOJ004,"KOJA - Choc Protein Bar - Peanut Fudge (45g)",40.64,109.00004,Active,0.86,No
"KOJA White Choc & Macadamia Oat Bar 60g",2.22,,KOJ002,"KOJA - Oat Bar - White Choc & Macadamia (60g)",26.64,109.00002,Active,1.00,No
"Krunchilli - Extra Hot - Carolina (350g)",96,KRU002,KRU002,"Krunchilli - Extra Hot - Carolina (350g)",96,108.00001,Active,1.00,Yes
"Krunchilli - Hot (350g)",150,KRU000,KRU000,"Krunchilli - Hot (350g)",150,108,Active,1.00,Yes
"Krunchilli - Medium (350g)",150,KRU001,KRU001,"Krunchilli - Medium (350g)",150,108,Active,1.00,Yes
"Krunchilli Carolina Extra Hot 350g",12,,KRU002,"Krunchilli - Extra Hot - Carolina (350g)",96,108.00001,Active,1.00,No
"Krunchilli Hot 350g",8.75,,KRU000,"Krunchilli - Hot (350g)",150,108,Active,1.00,No
"Krunchilli Medium 350g",8.75,,KRU001,"Krunchilli - Medium (350g)",150,108,Active,1.00,No
"Label - Jar Safety Seal",0,RAW016,RAW016,"Label - Jar Safety Seal",0,,Active,1.00,Yes
"Lamington Mini 30g",2.3,,RAW002,"Peanut - Dark Roasted (Australian)",0,,Active,0.80,No
"Lani's - Rocky Road - Dark - Nut Free (90g)",40,LAN003,LAN003,"Lani's - Rocky Road - Dark - Nut Free (90g)",40,114.0003,Active,1.00,Yes
"Lani's - Rocky Road - Dark (90g)",40,LAN002,LAN002,"Lani's - Rocky Road - Dark (90g)",40,114.0002,Active,1.00,Yes
"Lani's - Rocky Road - Nut Free (90g)",40,LAN001,LAN001,"Lani's - Rocky Road - Nut Free (90g)",40,114.0001,Active,1.00,Yes
"Lani's - Rocky Road - Original (90g)",40,LAN000,LAN000,"Lani's - Rocky Road - Original (90g)",40,114,Active,1.00,Yes
"Lani's Dark Nut Free Rocky Road 90g",4,,LAN003,"Lani's - Rocky Road - Dark - Nut Free (90g)",40,114.0003,Active,1.00,No
"Lani's Dark Original Rocky Road 90g",4,,LAN000,"Lani's - Rocky Road - Original (90g)",40,114,Active,0.83,No
"Lani's Milk Nut Free Rocky Road 90g",4,,LAN001,"Lani's - Rocky Road - Nut Free (90g)",40,114.0001,Active,0.86,No
"Lani's Milk Original Rocky Road 90g",4,,LAN000,"Lani's - Rocky Road - Original (90g)",40,114,Active,0.83,No
"Lani's White Nut Free Rocky Road 90g",4,,LAN001,"Lani's - Rocky Road - Nut Free (90g)",40,114.0001,Active,0.86,No
"Lani's White Original Rocky Road 90g",4,,LAN000,"Lani's - Rocky Road - Original (90g)",40,114,Active,0.83,No
"Lemon Coconut Protein Bar 50g",3,,RAW002,"Peanut - Dark Roasted (Australian)",0,,Active,0.80,No
"Lemon Honey Ginger Syrup 500ml",10.02,,RAW002,"Peanut - Dark Roasted (Australian)",0,,Active,0.80,No
"Lemon Myrtle Shortbread 175g",4.36,,BUT004,"Butterfingers - Lemon Myrtle Shortbread (175g)",48.09,124.0004,Active,0.80,No
"Lemonade Syrup 500ml",10.02,,RAW002,"Peanut - Dark Roasted (Australian)",0,,Active,0.80,No
"Macadamia - Dry Roasted (Australian)",49.95,RAW047,RAW047,"Macadamia - Dry Roasted (Australian)",49.95,112.007,Active,1.00,Yes
"Macadamia - Raw (Australian)",0,RAW072,RAW072,"Macadamia - Raw (Australian)",0,112.023,Active,1.00,Yes
"Macadamia - Raw 250g",11.56,,RAW002,"Peanut - Dark Roasted (Australian)",0,,Active,0.80,No
"Macadamia - Roasted 250g",12.29,,RAW002,"Peanut - Dark Roasted (Australian)",0,,Active,0.80,No
"Macadamia - Salted (Australian)",0,RAW131,RAW131,"Macadamia - Salted (Australian)",0,,Active,1.00,Yes
"Macadamia - Salted 250g",11.76,,RAW002,"Peanut - Dark Roasted (Australian)",0,,Active,0.80,No
"Macadamia & Choc Chip Shortbread 175g",4.8,,BUT000,"Butterfingers - Choc Chip Shortbread (175g)",46.69,124,Active,0.80,No
"Macadamia Gluten Free Shortbread 175g",6.02,,RAW002,"Peanut - Dark Roasted (Australian)",0,,Active,0.80,No
"Macadamia Raw (250g) Pouch - Front Label",0,RAW098,RAW098,"Macadamia Raw (250g) Pouch - Front Label",0,,Active,1.00,Yes
"Macadamia Roasted Pouch (Front) Label - 250g",0,RAW089,RAW089,"Macadamia Roasted Pouch (Front) Label - 250g",0,,Active,1.00,Yes
"Macadamia Salted - Front Label (250g)",0,RAW123,RAW123,"Macadamia Salted - Front Label (250g)",0,,Active,1.00,Yes
"Macadamia Shortbread 175g",4.71,,BUT006,"Butterfingers - Macadamia Shortbread (175g)",51.9,124.0006,Active,0.80,No
"Mad Mango Hot Sauce 250ml",11.85,,RAW002,"Peanut - Dark Roasted (Australian)",0,,Active,0.80,No
"Maynards - Wine Gums (39g)",54,MAY000,MAY000,"Maynards - Wine Gums (39g)",54,104.72,Active,1.00,Yes
"Mehdi's - Chicken Salt - Chilli Lime (185g)",22.5,MEH006,MEH006,"Mehdi's - Chicken Salt - Chilli Lime (185g)",22.5,103.0006,Active,1.00,Yes
"Mehdi's - Chicken Salt - Lime (185g)",22.5,MEH005,MEH005,"Mehdi's - Chicken Salt - Lime (185g)",22.5,103.0005,Active,1.00,Yes
"Mehdi's - Chicken Salt - Spicy (185g)",22.5,MEH007,MEH007,"Mehdi's - Chicken Salt - Spicy (185g)",22.5,103.0007,Active,1.00,Yes
"Mehdi's - Himalayan Chicken Salt (185g)",22.5,MEH004,MEH004,"Mehdi's - Himalayan Chicken Salt (185g)",22.5,103.0004,Active,1.00,Yes
"Mehdi's - Himalayan Pink Salt - Coarse (1kg)",16.8,MEH001,MEH001,"Mehdi's - Himalayan Pink Salt - Coarse (1kg)",16.8,103.0001,Active,1.00,Yes
"Mehdi's - Himalayan Pink Salt - Fine (1kg)",16.8,MEH000,MEH000,"Mehdi's - Himalayan Pink Salt - Fine (1kg)",16.8,103,Active,1.00,Yes
"Mehdi's - Himalayan Pink Salt Glass Grinder (200g)",50,MEH002,MEH002,"Mehdi's - Himalayan Pink Salt Glass Grinder (200g)",50,103.0002,Active,1.00,Yes
"Mehdi's - Peppercorns Black - Glass Grinder (95g)",50,MEH003,MEH003,"Mehdi's - Peppercorns Black - Glass Grinder (95g)",50,103.0003,Active,1.00,Yes
"Melbourne Chilli Co - Hot Chilli Oil (250ml)",75,MEL001,MEL001,"Melbourne Chilli Co - Hot Chilli Oil (250ml)",75,110,Active,1.00,Yes
"Melbourne Chilli Co - Hot Honey (350ml)",66,MEL002,MEL002,"Melbourne Chilli Co - Hot Honey (350ml)",66,107.006,Active,1.00,Yes
"Melbourne Chilli Co - Mild Chilli Oil (250ml)",75,MEL000,MEL000,"Melbourne Chilli Co - Mild Chilli Oil (250ml)",75,110,Active,1.00,Yes
"Mezzi Rigatoni Pasta 500g",6,,ISL002,"Island Pasta - Mezzi Rigatoni (500g)",76.8,117.0002,Active,0.80,No
"Mint Chocolate Mini 30g",2.3,,RAW002,"Peanut - Dark Roasted (Australian)",0,,Active,0.80,No
"Mint Drinking Chocolate 80g",7,,MIX004,"Mixed Bag - Mint Drinking Chocolate (80g)",75,101.000004,Active,0.80,No
"Mixed Bag - Chocolate Orange Spiced Chai (80g)",75,MIX003,MIX003,"Mixed Bag - Chocolate Orange Spiced Chai (80g)",75,101.000003,Active,1.00,Yes
"Mixed Bag - Coconut Bloom Nectar Vegan Chai (80g)",75,MIX001,MIX001,"Mixed Bag - Coconut Bloom Nectar Vegan Chai (80g)",75,101.00002,Active,1.00,Yes
"Mixed Bag - Mint Drinking Chocolate (80g)",75,MIX004,MIX004,"Mixed Bag - Mint Drinking Chocolate (80g)",75,101.000004,Active,1.00,Yes
"Mixed Bag - Original Sticky Masala Chai (80g)",75,MIX000,MIX000,"Mixed Bag - Original Sticky Masala Chai (80g)",75,101.00001,Active,1.00,Yes
"Mootilda - Goat's Soap - Essential Lavender (100g)",36.96,MOO003,MOO003,"Mootilda - Goat's Soap - Essential Lavender (100g)",36.96,111.00003,Active,1.00,Yes
"Mootilda - Goat's Soap - Lemon Myrtle (100g)",36.96,MOO001,MOO001,"Mootilda - Goat's Soap - Lemon Myrtle (100g)",36.96,111.00001,Active,1.00,Yes
"Mootilda - Goat's Soap - Manuka Honey (100g)",36.96,MOO002,MOO002,"Mootilda - Goat's Soap - Manuka Honey (100g)",36.96,111.00002,Active,1.00,Yes
"Mootilda - Goat's Soap - Natural (100g)",36.96,MOO000,MOO000,"Mootilda - Goat's Soap - Natural (100g)",36.96,111,Active,1.00,Yes
"Multigrain & Soy Mix",0,RAW132,RAW132,"Multigrain & Soy Mix",0,,Active,1.00,Yes
"Naked - ABC Butter (250g)",0,RNC000,RNC000,"Naked - ABC Butter (250g)",0,,Active,1.00,Yes
"Naked - Almond & Pistachio Butter (250g)",0,RNC003,RNC003,"Naked - Almond & Pistachio Butter (250g)",0,,Active,1.00,Yes
"Naked - Almond Butter (250g)",0,RNC002,RNC002,"Naked - Almond Butter (250g)",0,,Active,1.00,Yes
"Naked - Almond Butter (500g)",0,RNC014,RNC014,"Naked - Almond Butter (500g)",0,,Active,1.00,Yes
"Naked - Almond Butter (800g)",0,RNC004,RNC004,"Naked - Almond Butter (800g)",0,,Active,1.00,Yes
"Naked - Cashew Butter (250g)",0,RNC001,RNC001,"Naked - Cashew Butter (250g)",0,,Active,1.00,Yes
"Naked - Crunchy Dark Roasted Peanut Butter (300g)",0,RNC005,RNC005,"Naked - Crunchy Dark Roasted Peanut Butter (300g)",0,,Active,1.00,Yes
"Naked - Organic Almond Butter (250g)",0,RNC007,RNC007,"Naked - Organic Almond Butter (250g)",0,,Active,1.00,Yes
"Naked - Peanut Butter - Crunchy (300g)",0,RNC010,RNC010,"Naked - Peanut Butter - Crunchy (300g)",0,,Active,1.00,Yes
"Naked - Peanut Butter - Smooth (300g)",0,RNC011,RNC011,"Naked - Peanut Butter - Smooth (300g)",0,,Active,1.00,Yes
"Naked - Peanut Butter | Crunchy (800g)",0,RNC008,RNC008,"Naked - Peanut Butter | Crunchy (800g)",0,,Active,1.00,Yes
"Naked - Peanut Butter | Crunchy Dark Roasted 800g",0,RNC012,RNC012,"Naked - Peanut Butter | Crunchy Dark Roasted 800g",0,,Active,1.00,Yes
"Naked - Peanut Butter | Smooth (800g)",0,RNC009,RNC009,"Naked - Peanut Butter | Smooth (800g)",0,,Active,1.00,Yes
"Naked - Peanut Butter | Smooth Dark Roasted (300g)",0,RNC006,RNC006,"Naked - Peanut Butter | Smooth Dark Roasted (300g)",0,,Active,1.00,Yes
"Naked - Peanut Butter | Smooth Dark Roasted (800g)",0,RNC013,RNC013,"Naked - Peanut Butter | Smooth Dark Roasted (800g)",0,,Active,1.00,Yes
"Natural Muesli Fruit & Coconut 1kg",15,,RAW002,"Peanut - Dark Roasted (Australian)",0,,Active,0.80,No
"Natural Muesli Fruit & Coconut 500g",8.75,,FLIP002,"Flip - Fruit & Coconut Muesli (500g)",105,121.201,Active,0.80,No
"Natural Muesli Fruit, Nuts & Seed 1kg",16.25,,RAW002,"Peanut - Dark Roasted (Australian)",0,,Active,0.80,No
"Natural Muesli Fruit, Nuts & Seed 500g",10,,RAW002,"Peanut - Dark Roasted (Australian)",0,,Active,0.80,No
"Natural Muesli Nuts & Seeds 1kg",17.5,,RAW002,"Peanut - Dark Roasted (Australian)",0,,Active,0.80,No
"Natural Muesli Nuts & Seeds 500g",11.25,,FLIP003,"Flip - Nuts & Seeds Muesli (500g)",135,121.202,Active,0.80,No
"Orange Spiced Chai 80g",7.5,,MIX003,"Mixed Bag - Chocolate Orange Spiced Chai (80g)",75,101.000003,Active,0.80,No
"Orecchiette Pasta 500g",6,,RAW002,"Peanut - Dark Roasted (Australian)",0,,Active,0.80,No
"Organic Almond Butter 250g",11,,AFC004,"Alfie's - Organic Almond Butter (250g)",66,102.007,Active,0.80,No
"Organic Almond Butter Label (250g)",0,RAW094,RAW094,"Organic Almond Butter Label (250g)",0,,Active,1.00,Yes
"Organic Roasted Almonds (250) - Front Label",0,RAW137,RAW137,"Organic Roasted Almonds (250) - Front Label",0,,Active,1.00,Yes
"Original Drinking Chocolate 80g",7,,RAW002,"Peanut - Dark Roasted (Australian)",0,,Active,0.80,No
"Original Sticky Chai 80g",7.5,,RAW002,"Peanut - Dark Roasted (Australian)",0,,Active,0.80,No
"Original Sticky Chai Large 250g",15.5,,RAW002,"Peanut - Dark Roasted (Australian)",0,,Active,0.80,No
"Packaging - Plastic Lid - 5kg / 5L",0,RAW080,RAW080,"Packaging - Plastic Lid - 5kg / 5L",0,,Active,1.00,Yes
"Packing Tape (Sticky Tape)",0,RAW082,RAW082,"Packing Tape (Sticky Tape)",0,,Active,1.00,Yes
"Pappardelle Pasta 320g",6,,RAW002,"Peanut - Dark Roasted (Australian)",0,,Active,0.80,No
"Pasta Sauce - Marinara 520g",7.8,,CP026,"Crunch - Pasta Sauce - Marinara (520g)",46.8,103.026,Active,0.80,No
"Pasta Sauce - Tomato & Basil 520g",7.8,,CP018,"Crunch - Pasta Sauce - Tomato & Basil",46.8,103.01,Active,0.80,No
"Pasta Sauce - Tomato & Kalamata Olive 520g",7.8,,CP025,"Crunch - Pasta Sauce - Tomato & Kalamata (520g)",46.8,103.025,Active,0.83,No
"Pasta Sauce - Tomato, Chilli & Rosemary 520g",7.8,,RAW002,"Peanut - Dark Roasted (Australian)",0,,Active,0.80,No
"Pasta Sauce - Tomato, Roasted Garlic & Red Wine 520g",7.8,,RAW002,"Peanut - Dark Roasted (Australian)",0,,Active,0.80,No
"Peanut - Dark Roasted (Australian)",0,RAW002,RAW002,"Peanut - Dark Roasted (Australian)",0,,Active,1.00,Yes
"Peanut - Dry Roasted (Australian)",7.65,RAW001,RAW001,"Peanut - Dry Roasted (Australian)",7.65,112,Active,1.00,Yes
"Peanut - Roasted 250g",4.26,,RAW002,"Peanut - Dark Roasted (Australian)",0,,Active,0.80,No
"Peanut - Salted (Australian)",0,RAW116,RAW116,"Peanut - Salted (Australian)",0,,Active,1.00,Yes
"Peanut - Salted 250g",4.06,,RAW002,"Peanut - Dark Roasted (Australian)",0,,Active,0.80,No
"Peanut Choc Chunk Protein Bar 50g",3,,RAW002,"Peanut - Dark Roasted (Australian)",0,,Active,0.80,No
"Peanut Roasted (250g) Pouch - Front Label",0,RAW100,RAW100,"Peanut Roasted (250g) Pouch - Front Label",0,,Active,1.00,Yes
"Pecan - Halves (Australian)",39.95,RAW076,RAW076,"Pecan - Halves (Australian)",39.95,123.011,Active,1.00,Yes
"Pecan - Raw 250g",10.49,,RAW002,"Peanut - Dark Roasted (Australian)",0,,Active,0.80,No
"Penne Rigate Pasta 500g",6,,ISL013,"Island Pasta - Penne Rigate (500g)",76.8,117.0013,Active,0.80,No
"Penny's - Pork Crackling - BBQ (35g)",3.4,PEN002,PEN002,"Penny's - Pork Crackling - BBQ (35g)",3.4,104.9,Active,1.00,Yes
"Penny's - Pork Crackling - Chilli (35g)",3.4,PEN000,PEN000,"Penny's - Pork Crackling - Chilli (35g)",3.4,104.7,Active,1.00,Yes
"Penny's - Pork Crackling - Original (35g)",3.4,PEN001,PEN001,"Penny's - Pork Crackling - Original (35g)",3.4,104.8,Active,1.00,Yes
"Penny's Pork Crackling BBQ 35g",3.1,,PEN002,"Penny's - Pork Crackling - BBQ (35g)",3.4,104.9,Active,1.00,No
"Penny's Pork Crackling BBQ Large 140g",7.05,,RAW002,"Peanut - Dark Roasted (Australian)",0,,Active,0.80,No
"Penny's Pork Crackling Chilli 35g",3.1,,PEN000,"Penny's - Pork Crackling - Chilli (35g)",3.4,104.7,Active,1.00,No
"Penny's Pork Crackling Chilli Large 140g",7.05,,RAW002,"Peanut - Dark Roasted (Australian)",0,,Active,0.80,No
"Penny's Pork Crackling Original 35g",3.1,,PEN001,"Penny's - Pork Crackling - Original (35g)",3.4,104.8,Active,1.00,No
"Penny's Pork Crackling Original Large 140g",7.05,,RAW002,"Peanut - Dark Roasted (Australian)",0,,Active,0.80,No
"Piccalilli Relish 200g",6.81,,CP005,"Crunch - Piccalilli Relish (200g)",40.85,103.02,Active,0.80,No
"Pine Nut - Raw",53.95,RAW049,RAW049,"Pine Nut - Raw",53.95,112.009,Active,1.00,Yes
"Pine Nut - Raw 250g",14.78,,RAW002,"Peanut - Dark Roasted (Australian)",0,,Active,0.80,No
"Pistabella Pistachio Spread 200g",14.49,,RAW002,"Peanut - Dark Roasted (Australian)",0,,Active,0.80,No
"Pistachio - Raw 250g",14.78,,RAW002,"Peanut - Dark Roasted (Australian)",0,,Active,0.80,No
"Pistachio - Raw Kernels (Australian)",39.95,RAW006,RAW006,"Pistachio - Raw Kernels (Australian)",39.95,112.021,Active,1.00,Yes
"Pistachio - Roasted & Salted (Australian)",24.65,RAW048,RAW048,"Pistachio - Roasted & Salted (Australian)",24.65,112.006,Active,1.00,Yes
"Pistachio - Salted 250g",8.35,,RAW002,"Peanut - Dark Roasted (Australian)",0,,Active,0.80,No
"Pistachio & Almond Butter (250g) Label",0,RAW020,RAW020,"Pistachio & Almond Butter (250g) Label",0,,Active,1.00,Yes
"Pistachio Salted Pouch (250g) - Front Label",0,RAW091,RAW091,"Pistachio Salted Pouch (250g) - Front Label",0,,Active,1.00,Yes
"PL-800-809-CL - 800ML CLEAR PP PAIL 124MM T/EV",0,RAW014,RAW014,"PL-800-809-CL - 800ML CLEAR PP PAIL 124MM T/EV",0,,Active,1.00,Yes
"Point Break | Kiwi & Jalapeno 200ml",12,,BUR002,"Burleigh - Point Break | Kiwi & Jalapeno",12,109.0002,Active,0.80,Yes
"Pretzel - Knots 250g",4.06,,RAW002,"Peanut - Dark Roasted (Australian)",0,,Active,0.80,No
"Pretzel - Peanut Butter 250g",6.56,,RAW002,"Peanut - Dark Roasted (Australian)",0,,Active,0.80,No
"Pretzel - Peanut Butter Nuggets",0,RAW133,RAW133,"Pretzel - Peanut Butter Nuggets",0,,Active,1.00,Yes
"Pretzel Knots - Label (250g)",0,RAW124,RAW124,"Pretzel Knots - Label (250g)",0,,Active,1.00,Yes
"Pretzel w Peanut Butter - Front Label (250g)",0,RAW125,RAW125,"Pretzel w Peanut Butter - Front Label (250g)",0,,Active,1.00,Yes
"Pretzels",0,RAW135,RAW135,"Pretzels",0,,Active,1.00,Yes
"Pure Butter Gluten Free Shortbread 175g",5.55,,RAW002,"Peanut - Dark Roasted (Australian)",0,,Active,0.80,No
"Pure Butter Shortbread 175g",4.04,,BUT007,"Butterfingers - Pure Butter Shortbread (175g)",44.6,124.0007,Active,0.80,No
"Purple Haze | Beetroot & Plum 200ml",12,,BUR004,"Burleigh - Purple Haze | Beetroot & Plum",12,109.0004,Active,0.80,Yes
"Puttanesca Sauce 500g",8.5,,RAW002,"Peanut - Dark Roasted (Australian)",0,,Active,0.80,No
"Raisin (Australian)",8.35,RAW081,RAW081,"Raisin (Australian)",8.35,112.016,Active,1.00,Yes
"Raspberry Coconut Mini 30g",2.3,,RAW002,"Peanut - Dark Roasted (Australian)",0,,Active,0.80,No
"Raw Pistachio (250g) Pouch - Front Label",0,RAW102,RAW102,"Raw Pistachio (250g) Pouch - Front Label",0,,Active,1.00,Yes
"Reef Break | Smoky Pineapple Habanero 200ml",12,,RAW002,"Peanut - Dark Roasted (Australian)",0,,Active,0.80,No
"Sad Girl - Matcha & Raspberry Pretzels (110g)",71.88,SAD002,SAD002,"Sad Girl - Matcha & Raspberry Pretzels (110g)",71.88,101.1,Active,1.00,Yes
"Sad Girl - Matcha Pretzels (110g)",71.88,SAD001,SAD001,"Sad Girl - Matcha Pretzels (110g)",71.88,101.1,Active,1.00,Yes
"Sad Girl - Silky Matcha Spread (240g)",174,SAD000,SAD000,"Sad Girl - Silky Matcha Spread (240g)",174,101.1,Active,1.00,Yes
"Sad Girl Matcha Pretzels 100g",5.5,,RAW002,"Peanut - Dark Roasted (Australian)",0,,Active,0.80,No
"Salsa All'Arrabbiata 480g",12,,ISL027,"Island Pasta - Salsa All'Arrabbiata (480g)",52.5,117.0027,Archived,0.80,No
"Salsa Bolognese 500g",14,,ISL019,"Island Pasta - Salsa Bolognese (500g)",84,117.0019,Active,0.80,No
"Salsa di Pomodoro 500g",8.5,,ISL018,"Island Pasta - Salsa Di Pomodoro (500g)",52.5,117.0018,Active,0.80,No
"Salted Caramel Bang Popcorn 200g",7.53,,ELL001,"Elly's - Salted Caramel Bang (200g)",7.53,101.001,Active,0.80,Yes
"Salted Caramel Pop Popcorn 140g",6.55,,RAW002,"Peanut - Dark Roasted (Australian)",0,,Active,0.80,No
"Salted Cashew (250g) Pouch - Front Label",0,RAW108,RAW108,"Salted Cashew (250g) Pouch - Front Label",0,,Active,1.00,Yes
"Salted Peanut (250g) Pouch - Front Label",0,RAW110,RAW110,"Salted Peanut (250g) Pouch - Front Label",0,,Active,1.00,Yes
"Schulte's Maple Bacon Jerky 50g",6.25,,RAW002,"Peanut - Dark Roasted (Australian)",0,,Active,0.80,No
"Schulte's Original Bacon Jerky 50g",6.25,,RAW002,"Peanut - Dark Roasted (Australian)",0,,Active,0.80,No
"Shipping & Handling",0,Freight/Shipping,Freight/Shipping,"Shipping & Handling",0,100.2,Active,1.00,Yes
"Silky Matcha Spread 240g",14.5,,RAW002,"Peanut - Dark Roasted (Australian)",0,,Active,0.80,No
"Six Eyed Scorpion - Crispy Chilli Oil (212ml)",144,SES000,SES000,"Six Eyed Scorpion - Crispy Chilli Oil (212ml)",144,108,Active,1.00,Yes
"Sliced Biltong - Chilli 120g",9,,DJ004,"D.Jay's - Chilli Sliced Biltong (120g)",9,105.004,Active,0.80,Yes
"Sliced Biltong - Traditional 120g",9,,DJ002,"D.Jay's - Traditional Sliced Biltong (120g)",9,105.002,Active,0.80,Yes
"Smoked Almond Label (Front) Pouch - 250g",0,RAW070,RAW070,"Smoked Almond Label (Front) Pouch - 250g",0,,Active,1.00,Yes
"Smokey Maple Pop Popcorn 160g",6.55,,ELL005,"Elly's - Smokey Maple POP (160g)",6.55,101.005,Active,0.80,Yes
"Smooth Dark Roasted PB Label (500g)",0,RAW028,RAW028,"Smooth Dark Roasted PB Label (500g)",0,,Active,1.00,Yes
"Smooth Dark Roasted PB Label (800g)",0,RAW032,RAW032,"Smooth Dark Roasted PB Label (800g)",0,,Active,1.00,Yes
"Smooth Dark Roasted Peanut Butter (300g) Label",0,RAW023,RAW023,"Smooth Dark Roasted Peanut Butter (300g) Label",0,,Active,1.00,Yes
"Smooth Dark Roasted Peanut Butter 300g",5,,RNC006,"Naked - Peanut Butter | Smooth Dark Roasted (300g)",0,,Active,0.86,No
"Smooth Dark Roasted Peanut Butter 500g",7.66,,AFC034,"Alfie's - Smooth Dark Roasted Peanut Butter (500g)",45.96,102.017,Active,0.80,No
"Smooth Dark Roasted Peanut Butter 800g",11.32,,RNC013,"Naked - Peanut Butter | Smooth Dark Roasted (800g)",0,,Active,0.86,No
"Smooth Peanut Butter 300g",5.37,,AFC001,"Alfie's - Smooth Peanut Butter (300g)",32.22,102.128,Active,0.80,No
"Smooth Peanut Butter 500g",7.66,,AFC032,"Alfie's - Smooth Peanut Butter (500g)",45.96,102.018,Active,0.80,No
"Smooth Peanut Butter 800g",11.32,,AFC012,"Alfie's - Smooth Peanut Butter Tub (800g)",67.92,102.139,Active,0.80,No
"Smooth Peanut Butter Label (300g)",0,RAW021,RAW021,"Smooth Peanut Butter Label (300g)",0,,Active,1.00,Yes
"Smooth Peanut Butter Label (500g)",0,RAW027,RAW027,"Smooth Peanut Butter Label (500g)",0,,Active,1.00,Yes
"Smooth Peanut Butter Label (800g)",0,RAW031,RAW031,"Smooth Peanut Butter Label (800g)",0,,Active,1.00,Yes
"Snack Lovers - Pork Crackle | Hot & Spicy (75g)",49.5,SNA012,SNA012,"Snack Lovers - Pork Crackle | Hot & Spicy (75g)",49.5,104.0012,Active,1.00,Yes
"Snack Lovers - Pork Crackle | Original (75g)",49.5,SNA011,SNA011,"Snack Lovers - Pork Crackle | Original (75g)",49.5,104.0011,Active,1.00,Yes
"Snack Lovers - Tubes | BBQ (160g)",32,SNA001,SNA001,"Snack Lovers - Tubes | BBQ (160g)",32,104.0001,Active,1.00,Yes
"Snack Lovers - Tubes | Chilli (160g)",32,SNA007,SNA007,"Snack Lovers - Tubes | Chilli (160g)",32,104.0007,Active,1.00,Yes
"Snack Lovers - Tubes | Tangy Tomato (160g)",32,SNA002,SNA002,"Snack Lovers - Tubes | Tangy Tomato (160g)",32,104.0002,Active,1.00,Yes
"Snack Lovers - Tubes | Triple Cheese (160g)",32,SNA000,SNA000,"Snack Lovers - Tubes | Triple Cheese (160g)",32,104,Active,1.00,Yes
"Snap Sticks - Chilli 50g",5.75,,DJ013,"D.Jay's - Snap Sticks - Chilli (50g)",5.75,105.013,Active,0.80,Yes
"Snap Sticks - Traditional 50g",5.75,,DJ012,"D.Jay's - Snap Sticks - Traditional (50g)",5.75,105.012,Active,0.80,Yes
"Southern Seagreens - Chilli Kelp (70g)",13,SSG000,SSG000,"Southern Seagreens - Chilli Kelp (70g)",13,101,Active,1.00,Yes
"Southern Seagreens - Furikake (75g)",13,SSG001,SSG001,"Southern Seagreens - Furikake (75g)",13,101.000001,Active,1.00,Yes
"Southern Seagreens - Kelp Disco Jam (100g)",13,SSG003,SSG003,"Southern Seagreens - Kelp Disco Jam (100g)",13,101.00003,Active,1.00,Yes
"Southern Seagreens - Kelp Salt (110g)",10.5,SSG002,SSG002,"Southern Seagreens - Kelp Salt (110g)",10.5,101.000002,Active,1.00,Yes
"Southern Seagreens - Smoked Kelp Wonder Dust (30g)",15,SSG004,SSG004,"Southern Seagreens - Smoked Kelp Wonder Dust (30g)",15,101.00004,Active,1.00,Yes
"Southern Seagreens - Wakame Hot Sauce (150ml)",13,SSG005,SSG005,"Southern Seagreens - Wakame Hot Sauce (150ml)",13,101.00005,Active,1.00,Yes
"Soy - Sweet Chilli & Lime Crisps",0,RAW134,RAW134,"Soy - Sweet Chilli & Lime Crisps",0,,Active,1.00,Yes
"Soy Crisp - Original",0,RAW136,RAW136,"Soy Crisp - Original",0,,Active,1.00,Yes
"Soy Crisp - Sweet Chilli (250g)",0,RAW128,RAW128,"Soy Crisp - Sweet Chilli (250g)",0,,Active,1.00,Yes
"Soy Crisp (plain) - Front Label (250g)",0,RAW127,RAW127,"Soy Crisp (plain) - Front Label (250g)",0,,Active,1.00,Yes
"Spicy Pickle Chips 675g",9.3,,DIL006,"Dillicious - Spicy Pickle - Chips (675g)",60,114.005,Active,0.80,No
"Spicy Pickle Halves 675g",9.3,,DIL003,"Dillicious - Spicy Pickle - Halves (675g)",60,114.002,Active,0.80,No
"Spicy Tomato Chutney 200g",6.81,,CP006,"Crunch - Spicy Tomato Chutney (200g)",40.85,103.021,Active,0.80,No
"Strawberry Shortcake Mini 30g",2.3,,RAW002,"Peanut - Dark Roasted (Australian)",0,,Active,0.80,No
"Sugar Lite Dressing 250ml",11.25,,RAW002,"Peanut - Dark Roasted (Australian)",0,,Active,0.80,No
"Sugar Lite Dressing Large 500ml",17.25,,RAW002,"Peanut - Dark Roasted (Australian)",0,,Active,0.80,No
"Summer Fruit Flats (8 Pack)",6.21,,ANN005,"Annies - Summer Fruit Flats (8 Pack)",87,109.006,Active,0.80,No
"Suzie's - Dark Chocolate & Apricot (100g)",156.2,SUZ001,SUZ001,"Suzie's - Dark Chocolate & Apricot (100g)",156.2,116.0001,Active,1.00,Yes
"Suzie's - Sultanas & Cranberries (100g)",156.2,SUZ000,SUZ000,"Suzie's - Sultanas & Cranberries (100g)",156.2,116,Active,1.00,Yes
"Sweet & Spicy Wasabi Dressing 250ml",10.25,,RAW002,"Peanut - Dark Roasted (Australian)",0,,Active,0.80,No
"Sweet & Spicy Wasabi Dressing Large 500ml",15,,RAW002,"Peanut - Dark Roasted (Australian)",0,,Active,0.80,No
"Sweet Chilli Sauce 250ml",7.08,,CP013,"Crunch - Sweet Chilli Sauce (250ml)",42.5,103.005,Active,0.80,No
"Sweet Pickle Chips 675g",9.3,,DIL005,"Dillicious - Sweet Pickle - Chips (675g)",60,114.004,Active,0.80,No
"Sweet Pickle Halves 675g",9.3,,DIL002,"Dillicious - Sweet Pickle - Halves (675g)",60,114.001,Active,0.80,No
"Tagliatelle Pasta 320g",6,,RAW002,"Peanut - Dark Roasted (Australian)",0,,Active,0.80,No
"Ted & Mems - Fruit Full Granola (1kg)",100,TED009,TED009,"Ted & Mems - Fruit Full Granola (1kg)",100,119.09,Active,1.00,Yes
"Ted & Mems - Fruit Full Granola (300g)",53.7,TED001,TED001,"Ted & Mems - Fruit Full Granola (300g)",53.7,119,Active,1.00,Yes
"Ted & Mems - Nut & Seed Granola (1kg)",100,TED010,TED010,"Ted & Mems - Nut & Seed Granola (1kg)",100,119.08,Active,1.00,Yes
"Ted & Mems - Nut & Seed Granola (300g)",53.7,TED005,TED005,"Ted & Mems - Nut & Seed Granola (300g)",53.7,119.04,Active,1.00,Yes
"Ted & Mems - Raw Muesli (350g)",53.7,TED003,TED003,"Ted & Mems - Raw Muesli (350g)",53.7,119.02,Active,1.00,Yes
"Test",1,,RAW002,"Peanut - Dark Roasted (Australian)",0,,Active,0.80,No
"Thai Cashew (250g) Pouch - Front Label",0,RAW106,RAW106,"Thai Cashew (250g) Pouch - Front Label",0,,Active,1.00,Yes
"The Lankan Lion Hot Sauce 250ml",11.85,,RAW002,"Peanut - Dark Roasted (Australian)",0,,Active,0.80,No
"The Reaper Hot Sauce 250ml",11.85,,RAW002,"Peanut - Dark Roasted (Australian)",0,,Active,0.80,No
"The Salt Box - Applewood Smoked Salt Jar (125g)",116.82,TSB000,TSB000,"The Salt Box - Applewood Smoked Salt Jar (125g)",116.82,110,Active,1.00,Yes
"The Salt Box - Arctic Sea Salt Blueberry (100g)",81,TSB018,TSB018,"The Salt Box - Arctic Sea Salt Blueberry (100g)",81,110.000017,Active,1.00,Yes
"The Salt Box - Coarse Celtic Sea Salt (170g)",45,TSB009,TSB009,"The Salt Box - Coarse Celtic Sea Salt (170g)",45,110.00008,Active,1.00,Yes
"The Salt Box - Coarse Celtic Sea Salt (1kg)",105.12,TSB011,TSB011,"The Salt Box - Coarse Celtic Sea Salt (1kg)",105.12,110.00001,Active,1.00,Yes
"The Salt Box - Fine Celtic Sea Salt (170g)",45,TSB008,TSB008,"The Salt Box - Fine Celtic Sea Salt (170g)",45,110.000008,Active,1.00,Yes
"The Salt Box - Fine Celtic Sea Salt (1kg)",105.12,TSB010,TSB010,"The Salt Box - Fine Celtic Sea Salt (1kg)",105.12,110.00009,Active,1.00,Yes
"The Salt Box - Fleur de Sel Jar (230g)",155.82,TSB003,TSB003,"The Salt Box - Fleur de Sel Jar (230g)",155.82,110.00003,Active,1.00,Yes
"The Salt Box - Habanero Salt Jar (225g)",116.82,TSB004,TSB004,"The Salt Box - Habanero Salt Jar (225g)",116.82,110.00004,Active,1.00,Yes
"The Salt Box - Hawaiian Black Salt Jar (270g)",116.82,TSB002,TSB002,"The Salt Box - Hawaiian Black Salt Jar (270g)",116.82,110.00002,Active,1.00,Yes
"The Salt Box - Magnesium Chloride Flakes (1kg)",83.7,TSB016,TSB016,"The Salt Box - Magnesium Chloride Flakes (1kg)",83.7,110.000015,Active,1.00,Yes
"The Salt Box - Natural Epsom Salts (1.5kg)",65.82,TSB014,TSB014,"The Salt Box - Natural Epsom Salts (1.5kg)",65.82,110.000013,Active,1.00,Yes
"The Salt Box - Nordur Arctic Sea Salt Smoked 100g",81,TSB020,TSB020,"The Salt Box - Nordur Arctic Sea Salt Smoked 100g",81,110.000019,Active,1.00,Yes
"The Salt Box - Nordur Sea Salt Flakes Box (125g)",45,TSB012,TSB012,"The Salt Box - Nordur Sea Salt Flakes Box (125g)",45,110.000011,Active,1.00,Yes
"The Salt Box - Nordur Sea Salt Flakes Box (250g)",78,TSB007,TSB007,"The Salt Box - Nordur Sea Salt Flakes Box (250g)",78,110.00007,Active,1.00,Yes
"The Salt Box - Nordur Sea Salt Lava Tin (100g)",81,TSB019,TSB019,"The Salt Box - Nordur Sea Salt Lava Tin (100g)",81,110.000018,Active,1.00,Yes
"The Salt Box - Nordur Sea Salt Seaweed Tin (100g)",84,TSB021,TSB021,"The Salt Box - Nordur Sea Salt Seaweed Tin (100g)",84,110.0002,Active,1.00,Yes
"The Salt Box - Pure Dead Sea Salt Coarse (1kg)",65.7,TSB015,TSB015,"The Salt Box - Pure Dead Sea Salt Coarse (1kg)",65.7,110.000014,Active,1.00,Yes
"The Salt Box - Pure Dead Sea Salt Fine (1kg)",65.7,TSB023,TSB023,"The Salt Box - Pure Dead Sea Salt Fine (1kg)",65.7,110.00002,Active,1.00,Yes
"The Salt Box - Relaxation Soak Bath Salts (1kg)",83.4,TSB013,TSB013,"The Salt Box - Relaxation Soak Bath Salts (1kg)",83.4,110.000012,Active,1.00,Yes
"The Salt Box - Roasted Garlic Salt (180g)",116.82,TSB005,TSB005,"The Salt Box - Roasted Garlic Salt (180g)",116.82,110.00005,Active,1.00,Yes
"The Salt Box - Sports Magnesium Soak (1kg)",83.4,TSB017,TSB017,"The Salt Box - Sports Magnesium Soak (1kg)",83.4,110.000016,Active,1.00,Yes
"The Salt Box - Thai Sriracha Salt (175g)",116.82,TSB006,TSB006,"The Salt Box - Thai Sriracha Salt (175g)",116.82,110.00006,Active,1.00,Yes
"The X-Turminator Hot Sauce 250ml",11.85,,RAW002,"Peanut - Dark Roasted (Australian)",0,,Active,0.80,No
"Tomato Relish 200g",6.81,,CP003,"Crunch - Chilli Tomato Relish (200g)",40.85,103.018,Active,0.80,No
"Tomato Sauce 250ml",7.08,,CP014,"Crunch - Tomato Sauce (250ml)",42.5,103.006,Active,0.80,No
"Truckin' - Chilli Jerky (100g)",10.25,TRUCK006,TRUCK006,"Truckin' - Chilli Jerky (100g)",10.25,104.6,Active,1.00,Yes
"Truckin' - Chilli Jerky (35g)",4.4,TRUCK005,TRUCK005,"Truckin' - Chilli Jerky (35g)",4.4,104.5,Active,1.00,Yes
"Truckin' - Mango Chilli Jerky (100g)",10.25,TRUCK008,TRUCK008,"Truckin' - Mango Chilli Jerky (100g)",10.25,104.71,Active,1.00,Yes
"Truckin' - Mango Chilli Jerky (35g)",4.4,TRUCK007,TRUCK007,"Truckin' - Mango Chilli Jerky (35g)",4.4,104.7,Active,1.00,Yes
"Truckin' - Smokey Jerky (100g)",10.25,TRUCK004,TRUCK004,"Truckin' - Smokey Jerky (100g)",10.25,104.4,Active,1.00,Yes
"Truckin' - Smokey Jerky (35g)",4.4,TRUCK003,TRUCK003,"Truckin' - Smokey Jerky (35g)",4.4,104.3,Active,1.00,Yes
"Truckin' - Traditional Jerky (100g)",10.25,TRUCK002,TRUCK002,"Truckin' - Traditional Jerky (100g)",10.25,104.2,Active,1.00,Yes
"Truckin' - Traditional Jerky (35g)",4.4,TRUCK001,TRUCK001,"Truckin' - Traditional Jerky (35g)",4.4,104.1,Active,1.00,Yes
"Truckin' Good Chilli Jerky 35g",4.2,,RAW002,"Peanut - Dark Roasted (Australian)",0,,Active,0.80,No
"Truckin' Good Chilli Jerky Large 100g",9.85,,RAW002,"Peanut - Dark Roasted (Australian)",0,,Active,0.80,No
"Truckin' Good Mango Chilli Jerky 35g",4.2,,TRUCK007,"Truckin' - Mango Chilli Jerky (35g)",4.4,104.7,Active,0.83,No
"Truckin' Good Mango Chilli Jerky Large 100g",9.85,,RAW002,"Peanut - Dark Roasted (Australian)",0,,Active,0.80,No
"Truckin' Good Smokey Jerky 35g",4.2,,RAW002,"Peanut - Dark Roasted (Australian)",0,,Active,0.80,No
"Truckin' Good Smokey Jerky Large 100g",9.85,,RAW002,"Peanut - Dark Roasted (Australian)",0,,Active,0.80,No
"Truckin' Good Traditional Jerky 35g",4.2,,RAW002,"Peanut - Dark Roasted (Australian)",0,,Active,0.80,No
"Truckin' Good Traditional Jerky Large 100g",9.85,,RAW002,"Peanut - Dark Roasted (Australian)",0,,Active,0.80,No
"Tuck Shop - Burger Sauce (265g)",63,TUC001,TUC001,"Tuck Shop - Burger Sauce (265g)",63,122,Active,1.00,Yes
"Tuck Shop - Jalapeno Hot Sauce (265g)",81,TUC002,TUC002,"Tuck Shop - Jalapeno Hot Sauce (265g)",81,122.001,Active,1.00,Yes
"Tuck Shop - Pickle X Burger Sauce (265g)",71.1,TUC003,TUC003,"Tuck Shop - Pickle X Burger Sauce (265g)",71.1,122.003,Active,1.00,Yes
"Tuck Shop - Tomato Sauce (560g)",70,TUC000,TUC000,"Tuck Shop - Tomato Sauce (560g)",70,122.002,Active,1.00,Yes
"Tuck Shop Burger Sauce 265g",7,,TUC001,"Tuck Shop - Burger Sauce (265g)",63,122,Active,1.00,No
"Tuck Shop Pickle X Burger Sauce 265g",7.9,,TUC003,"Tuck Shop - Pickle X Burger Sauce (265g)",71.1,122.003,Active,1.00,No
"Tuck Shop Smoked Jalapeno Sauce 265g",9,,TUC002,"Tuck Shop - Jalapeno Hot Sauce (265g)",81,122.001,Active,0.83,No
"Tuck Shop Tomato Sauce 560g",7,,TUC000,"Tuck Shop - Tomato Sauce (560g)",70,122.002,Active,1.00,No
"Twin Fin | Mango, Orange & Cayenne 200ml",12,,RAW002,"Peanut - Dark Roasted (Australian)",0,,Active,0.80,No
"Ultra Culture - Cucumber & Miso (150ml)",64.8,ULT000,ULT000,"Ultra Culture - Cucumber & Miso (150ml)",64.8,102,Active,1.00,Yes
"Ultra Culture - Garlic Habernasco (150ml)",64.8,ULT001,ULT001,"Ultra Culture - Garlic Habernasco (150ml)",64.8,102.0001,Active,1.00,Yes
"Ultra Culture - Harissa (150ml)",64.8,ULT011,ULT011,"Ultra Culture - Harissa (150ml)",64.8,102.0011,Active,1.00,Yes
"Ultra Culture - Lacto Peno (150ml)",64.8,ULT003,ULT003,"Ultra Culture - Lacto Peno (150ml)",64.8,102.0003,Active,1.00,Yes
"Ultra Culture - Lime Sriracha (150ml)",64.8,ULT008,ULT008,"Ultra Culture - Lime Sriracha (150ml)",64.8,102.0008,Active,1.00,Yes
"Ultra Culture - Mandarin Habanero (150ml)",64.8,ULT002,ULT002,"Ultra Culture - Mandarin Habanero (150ml)",64.8,102.0002,Active,1.00,Yes
"Ultra Culture - Morita & Garlic (150ml)",64.8,ULT007,ULT007,"Ultra Culture - Morita & Garlic (150ml)",64.8,102.0007,Active,1.00,Yes
"Ultra Culture - Mustard Pickle (150ml)",64.8,ULT004,ULT004,"Ultra Culture - Mustard Pickle (150ml)",64.8,102.0004,Active,1.00,Yes
"Ultra Culture - Pineapple Mountain Pepper (150ml)",64.8,ULT010,ULT010,"Ultra Culture - Pineapple Mountain Pepper (150ml)",64.8,102.001,Active,1.00,Yes
"Ultra Culture - Tomato Kasundi (150ml)",64.8,ULT006,ULT006,"Ultra Culture - Tomato Kasundi (150ml)",64.8,102.0006,Active,1.00,Yes
"Ultra Culture - Troppo Banana & Scotch Bonnet",64.8,ULT005,ULT005,"Ultra Culture - Troppo Banana & Scotch Bonnet",64.8,102.0005,Active,1.00,Yes
"Ultra Culture - Twisted Tomato (150ml)",64.8,ULT009,ULT009,"Ultra Culture - Twisted Tomato (150ml)",64.8,102.0009,Active,1.00,Yes
"Uncle John's - Chocolate Licorice - Box (4kg)",40.75,UNC003,UNC003,"Uncle John's - Chocolate Licorice - Box (4kg)",40.75,106.0003,Active,1.00,Yes
"Uncle John's - Chocolate Licorice (300g)",44,UNC001,UNC001,"Uncle John's - Chocolate Licorice (300g)",44,106.0001,Active,1.00,Yes
"Uncle John's - Licorice - Box (4kg)",26.7,UNC002,UNC002,"Uncle John's - Licorice - Box (4kg)",26.7,106.0002,Active,1.00,Yes
"Uncle John's - Licorice (300g)",34.8,UNC000,UNC000,"Uncle John's - Licorice (300g)",34.8,106,Active,1.00,Yes
"Uncle John's Chocolate Coated Licorice 300g",3.6,,UNC001,"Uncle John's - Chocolate Licorice (300g)",44,106.0001,Active,0.83,No
"Uncle John's Plain Molasses Licorice 300g",2.9,,RAW002,"Peanut - Dark Roasted (Australian)",0,,Active,0.80,No
"Walnut - Kernels (Australian)",0,RAW075,RAW075,"Walnut - Kernels (Australian)",0,112.013,Active,1.00,Yes
"Walnut - Raw 250g",7.12,,RAW002,"Peanut - Dark Roasted (Australian)",0,,Active,0.80,No
"Walnut Raw (250g) Pouch - Front Label",0,RAW104,RAW104,"Walnut Raw (250g) Pouch - Front Label",0,,Active,1.00,Yes
"White Tea w Calamansi 250ml",2.85,,RAW002,"Peanut - Dark Roasted (Australian)",0,,Active,0.80,No
"Wiggles Cherrieberrie 12g",1.13,,RAW002,"Peanut - Dark Roasted (Australian)",0,,Active,0.80,No
"Wintulichs - Bier Stick - Chilli (50g)",55,WIN003,WIN003,"Wintulichs - Bier Stick - Chilli (50g)",55,113.002,Active,1.00,Yes
"Wintulichs - Bier Stick - Chorizo (50g)",55,WIN001,WIN001,"Wintulichs - Bier Stick - Chorizo (50g)",55,113,Active,1.00,Yes
"Wintulichs - Bier Stick - Garlic (50g)",55,WIN002,WIN002,"Wintulichs - Bier Stick - Garlic (50g)",55,113.001,Active,1.00,Yes
"Wintulichs - Bier Stick - Hungarian (50g)",55,WIN005,WIN005,"Wintulichs - Bier Stick - Hungarian (50g)",55,113.004,Active,1.00,Yes
"Wintulichs - Bier Stick - Smokey (50g)",55,WIN004,WIN004,"Wintulichs - Bier Stick - Smokey (50g)",55,113.003,Active,1.00,Yes
"Wintulichs Chorizo Bier Stick 50g",2.75,,WIN001,"Wintulichs - Bier Stick - Chorizo (50g)",55,113,Active,1.00,No
"Wintulichs Garlic Bier Stick 50g",2.75,,WIN002,"Wintulichs - Bier Stick - Garlic (50g)",55,113.001,Active,1.00,No
"Wintulichs Hot Chilli Bier Stick 50g",2.75,,WIN003,"Wintulichs - Bier Stick - Chilli (50g)",55,113.002,Active,0.83,No
"Wintulichs Hungarian Bier Stick 50g",2.75,,WIN005,"Wintulichs - Bier Stick - Hungarian (50g)",55,113.004,Active,1.00,No
"Wintulichs Smokey BBQ Bier Stick 50g",2.75,,WIN004,"Wintulichs - Bier Stick - Smokey (50g)",55,113.003,Active,0.83,No
"Zero Bites - Organic Cacao Oat Clusters (200g)",8.99,ZER001,ZER001,"Zero Bites - Organic Cacao Oat Clusters (200g)",8.99,107.00001,Active,1.00,Yes
"Zero Bites - Organic Oat Clusters (200g)",8.99,ZER000,ZER000,"Zero Bites - Organic Oat Clusters (200g)",8.99,107,Active,1.00,Yes
"Zero Bites Cacao Oat Clusters 200g",8.99,,ZER001,"Zero Bites - Organic Cacao Oat Clusters (200g)",8.99,107.00001,Active,0.86,Yes
"Zero Bites Oat Clusters 200g",8.99,,ZER000,"Zero Bites - Organic Oat Clusters (200g)",8.99,107,Active,0.83,Yes